Bottle,Price,Rating,Region,apple,banana,cherry,citrus,fruity,lemon,orange,pear,raisins,zest,balanced,complex,dry,earthy,heavy,light,lingering,mellow,mild,old,smooth,barley,buttery,butterscotch,candy,chocolate,cinnamon,cocoa,corn,honey,tea,toffee,clove,coffee,floral,licorice,malty,mint,nutmeg,peaty,peppery,roses,spices,sugar,tobacco,vanilla,wood,sherry,bitter,brine,creamy,ginger,herbal,maple,nutty,oak,rich,salty,smokey,sour,spicy,sweet,amber,brown,green,caramel,pal
1792 Ridgemont Reserve,22.204,82.45454545454545,Bourbon,,,,,,,2.0,,,1.0,,,,,2.0,,,,,1.0,,,,,,,2.0,,,,,,,,,,,,,,,,,1.0,,,2.0,,4.0,,,,,2.0,,4.0,,,,,,,,2.0,2.0,3.0,
Aberfeldy 12,40.41818181818182,77.75,Highland ,1.0,,5.0,,2.0,7.0,,1.0,,,,1.0,,,,,,,,,,,,,,5.0,,,,3.0,,2.0,,,1.0,,,,,,,,,,,4.0,2.0,2.0,,,,,,,,7.0,3.0,,,,,6.0,,,2.0,,
Aberlour 10,23.785999999999998,78.88,Speyside,,,,,,,,,,,1.0,,,,,2.0,,,,2.0,,,,,,1.0,,,,,,,,,1.0,,,,,,,,,,,5.0,,2.0,,,,,,,,,2.0,,,,,3.0,,,,1.0,
Aberlour 12 Double Cask Matured,35.92540540540541,83.67441860465117,Speyside,,,4.0,,,4.0,2.0,,,,,,,,,4.0,,,,2.0,,,,,,,,,,,,,,,,,,,,,,,,,,2.0,,6.0,,,,,,,,3.0,,,,,,,,,,,
Aberlour 12 Non Chill Filtered,54.11566666666667,89.38636363636364,Speyside,,,8.0,3.0,6.0,,,,,1.0,,9.0,,,8.0,12.0,10.0,2.0,6.0,2.0,6.0,,4.0,,,,22.0,,,,,21.0,,,5.0,,,,,,,,,,,2.0,1.0,28.0,4.0,,,,,2.0,,31.0,13.0,4.0,,5.0,6.0,38.0,,,10.0,2.0,
Aberlour 12 Sherry Cask Matured,23.78,81.0,Speyside,,,1.0,,1.0,,4.0,,,,,,,,,4.0,2.0,,,,,,,,,,,,,,,,,,,,,,,,,,,,,,,,,,,,,,,,,2.0,,2.0,,3.0,,,,5.0,
Aberlour 16,54.86176470588235,86.04166666666667,Speyside,,,,,,,,,,,,,,,,2.0,,,,,2.0,,,,,,,,,,,,,,,,,,,,,,,2.0,,1.0,,4.0,,,,,,,,3.0,,,,,,2.0,,,,,
Aberlour 18,86.25,87.46666666666667,Speyside,,,,,,,,,,,,,,,,,,,,1.0,3.0,,1.0,,,,,,,,,,,,,,,,,,,,,,1.0,,,2.0,,,,,,,,,4.0,,,,,,2.0,,,3.0,
Aberlour A'bunadh,60.896428571428565,90.04545454545455,Speyside,,,2.0,,3.0,,5.0,,8.0,,2.0,,2.0,,,,,,,,,,,,,14.0,,,,3.0,,,,,,,,,,,,,,,,10.0,1.0,20.0,,,1.0,,,,,5.0,9.0,,,,,2.0,4.0,,,,
Aberlour A'bunadh batch #36,45.06666666666667,92.88888888888889,Speyside,5.0,,14.0,,2.0,4.0,2.0,,,1.0,2.0,1.0,,,,6.0,2.0,,,,,,1.0,,,10.0,4.0,,,,,4.0,,,1.0,,,,1.0,,1.0,,14.0,1.0,,,,2.0,,,,1.0,,,,,5.0,,,2.0,1.0,8.0,,,,10.0,
Aberlour A'bunadh batch #39,58.146153846153844,88.66666666666667,Speyside,5.0,,14.0,,2.0,4.0,2.0,,,1.0,2.0,1.0,,,,6.0,2.0,,,,,,1.0,,,10.0,4.0,,,,,4.0,,,1.0,,,,1.0,,1.0,,14.0,1.0,,,,2.0,,,,1.0,,,,,5.0,,,2.0,1.0,8.0,,,,10.0,
Aberlour A'bunadh batch #40,64.3,89.9,Speyside,5.0,,14.0,,2.0,4.0,2.0,,,1.0,2.0,1.0,,,,6.0,2.0,,,,,,1.0,,,10.0,4.0,,,,,4.0,,,1.0,,,,1.0,,1.0,,14.0,1.0,,,,2.0,,,,1.0,,,,,5.0,,,2.0,1.0,8.0,,,,10.0,
Aberlour A'bunadh batch #41,63.75,90.71428571428571,Speyside,,,,,3.0,,,,1.0,,,,5.0,,,,,,,,,,,,,3.0,,1.0,,,,,,1.0,,,,,,,,,5.0,1.0,,,7.0,2.0,1.0,,2.0,,,,,2.0,8.0,,,,,,,2.0,,,
Aberlour A'bunadh batch #42,55.666666666666664,87.44444444444444,Speyside,,,,,,,,,2.0,,,,,,,2.0,2.0,,,,,,,,,5.0,,,,,,8.0,,2.0,,,,,,,,,1.0,,,,,7.0,,,2.0,,,2.0,,1.0,2.0,,,,,4.0,2.0,,,2.0,
Aberlour A'bunadh batch #45,61.44444444444444,91.36363636363636,Speyside,,,,,,,,,1.0,,,,,,2.0,2.0,,,,,,,,,,,,,,,,,,,,,,,,,,,1.0,,,,,3.0,,,,,,,,1.0,,,,,,4.0,,,,,
Aberlour A'bunadh batch #46,42.81,88.0,Speyside,,,,,,,,,,,,,,,,,,2.0,,,,,,,,,1.0,,,,,,,,,,,,,,,,,,,,,5.0,,,,,,,,,,,,,3.0,1.0,,,,,
Aberlour A'bunadh batch #47,67.33333333333333,90.625,Speyside,,,,1.0,2.0,,,,,,,,3.0,,,,,,,,,,,,1.0,1.0,2.0,,,,,1.0,,,,,,1.0,,,,,,,,1.0,,2.0,,,2.0,,,,,,6.0,,,,3.0,,,,,2.0,
Alberta Premium Dark Horse,16.353333333333335,86.78947368421052,Canada,,,,,,,,,,,,1.0,3.0,,,,2.0,,2.0,,,,,,,,,,,,,,,,,,,,,,1.0,,,2.0,,,,1.0,,,,2.0,,,,1.0,2.0,,,,,4.0,2.0,2.0,,,
Amrut Cask Strength,70.66666666666667,90.2,India,1.0,,,1.0,,2.0,,3.0,,,3.0,2.0,,,2.0,,2.0,,,2.0,,4.0,,,,1.0,3.0,,,1.0,,,,,,,,,1.0,,1.0,,2.0,5.0,,7.0,,,3.0,1.0,,,,,,12.0,,,,5.0,,7.0,6.0,,2.0,2.0,
Amrut Fusion,53.81,86.8695652173913,India,,,,,,,,,,,,1.0,,,,,,,1.0,,,2.0,,,,,,,,,,,,,,,1.0,,,,,,,1.0,1.0,3.0,,,,,2.0,,,,,,,,2.0,,,4.0,,,,1.0,
Amrut Kadhambam,,89.83333333333333,India,,,1.0,,2.0,,2.0,,2.0,,,,,,,,,,,2.0,,,,,,10.0,,2.0,,,,2.0,,2.0,,,,,,,,,,,,3.0,,4.0,2.0,,,,,,,2.0,4.0,4.0,,,,2.0,3.0,,,2.0,
Amrut Peated Cask Strength,92.8,88.0,India,,,,,2.0,,,,,,,,,,,2.0,,,,,,,,,,1.0,,,,,,,,,,,,,,,,,,,,1.0,,,,,,,,,,,,,,,,2.0,,,,,
Amrut Portonova,58.57000000000001,91.625,India,,,,,,,,,2.0,,,,,,,,,,,2.0,,,,,,2.0,,,,,,,,,,,,,,,,,,,2.0,,,2.0,2.0,,,,,,,,2.0,,,,1.0,3.0,,,,1.0,
Amrut Single Malt Whisky,42.5,84.28571428571429,India,,,,,1.0,,,,,,,,,,,,,,,,,,,,,,,,,,,,,,,,2.0,,,,,,,,,,,,2.0,,,,,,,,,,,,,1.0,,,,,
AnCnoc 12,38.82285714285714,84.25581395348837,Speyside,,,,,,,,,,,,,,,,2.0,,,,,,,,,,,,,,6.0,,,,,,,,,,,,,,,,1.0,,2.0,,,,,,,,,,1.0,,,,4.0,,,,6.0,
AnCnoc 16,41.9925,87.0625,Speyside,,,,2.0,,,4.0,,,,2.0,,,,,2.0,,,,,,,,,,,,,,2.0,,,,,,,,,,,,,,1.0,,2.0,,,2.0,,,,,,2.0,1.0,1.0,,,,,1.0,,,,,
AnCnoc Rutter,68.33333333333333,85.11111111111111,Speyside,2.0,,,,,,,,,,,,,2.0,,4.0,,,,,,,,,,,,,,,,,,,1.0,,,,,,,,1.0,,,,,,,,,,,,,,,,,,,,,,,,
Angel's Envy,44.18181818181818,83.0,Bourbon,,,,,,,,,,,,,,,,,,,,,,,,,,,,,,,,,,,,,,,,,,,,,,,,,,,,,,,,,,,,,,,,,,,
Angel's Envy Cask Strength,180.0,87.28571428571429,Bourbon,,,,,,,,,,,,,2.0,,,,,,2.0,,,,,1.0,,,,,,,,,,,,,,,,,,,,4.0,,,,,10.0,,,,,,,4.0,,,,,,6.0,,2.0,,2.0,
Angel's Envy Rye,74.0,89.375,Rye,,1.0,4.0,9.0,1.0,7.0,8.0,,,,1.0,,,,,,2.0,,,5.0,,,,,4.0,,2.0,,1.0,,,,1.0,,,,,,1.0,,,,1.0,3.0,2.0,3.0,,,,,2.0,7.0,,,,13.0,,,2.0,,,9.0,,2.0,,2.0,
Ardbeg 10,48.02408163265306,85.96923076923076,Islay,,,,,,,,,,,,,,,,4.0,,,,,,,,,,,,,,,,,,,,,,,,2.0,,,,,,2.0,,,,,,,,,,,,,4.0,,,2.0,,,,,
Ardbeg 21 Sovereign,343.75,91.75,Islay,,,,,,,,,,,,,,,,,,,,,,,,,,,,,,,,,,,,,,,,,,,,,,1.0,,,,,,,,,,2.0,,,,,,,,,,,
Ardbeg Airigh Nam Beist 1990,136.0,88.55555555555556,Islay,,,,,,,,,,,,,,,,,,,,3.0,,,,,,,,,,,,,,,,,,,,1.0,,,,,,,,,2.0,1.0,,,,,,,,,,,,,,,,,
Ardbeg Alligator,141.0,88.625,Islay,,,,,,,2.0,,,,,,10.0,1.0,,,,,,,,,,,,,3.0,,,1.0,,3.0,,1.0,,1.0,,,,2.0,,,,1.0,2.0,4.0,9.0,4.0,6.0,,,,2.0,2.0,,,,7.0,,,,6.0,,2.0,,2.0,
Ardbeg Ardbog,107.49117647058823,89.35135135135135,Islay,,,,,,,,,,,,,,2.0,2.0,,,,,,,,,,,,,,,2.0,,,,,,,,,,,,,,,,,,,,,,,,,,,,,,,,1.0,,1.0,,,
Ardbeg Auriverdes,100.2,83.54545454545455,Islay,,,,,,,2.0,,,,,,10.0,1.0,,,,,,,,,,,,,3.0,,,1.0,,3.0,,1.0,,1.0,,,,2.0,,,,1.0,2.0,4.0,9.0,4.0,6.0,,,,2.0,2.0,,,,7.0,,,,6.0,,2.0,,2.0,
Ardbeg Blasda,85.0,80.66666666666667,Islay,,,,,,1.0,,,,1.0,,,,,,,,,,,,,,,,1.0,,,,,,,,,,,,,,,,,,,,3.0,,,2.0,,,,,,,,,,,,,2.0,,,2.0,,
Ardbeg Corryvreckan,66.00842105263159,90.50746268656717,Islay,,,,3.0,,1.0,2.0,,,,,4.0,,,,5.0,,,,,1.0,,,,,,,,,,,,,,,,,,,4.0,,,,,,3.0,,2.0,,2.0,,,,,,,,3.0,,,,3.0,,,,1.0,
Ardbeg Day,242.5,90.55555555555556,Islay,,,,1.0,2.0,4.0,10.0,,,,,,,,,,,,,,,,,,,,,,,2.0,,,,,,,,,,2.0,,,,,,6.0,4.0,8.0,,1.0,,,,,,,,2.0,,,,4.0,,,,,
Ardbeg Galileo,102.17647058823529,88.33333333333333,Islay,,,,,,,2.0,,,,,,10.0,1.0,,,,,,,,,,,,,3.0,,,1.0,,3.0,,1.0,,1.0,,,,2.0,,,,1.0,2.0,4.0,9.0,4.0,6.0,,,,2.0,2.0,,,,7.0,,,,6.0,,2.0,,2.0,
Ardbeg Supernova 2014,154.5,93.42857142857143,Islay,,,,,,,,,,,,,,,,,,,,,,,,,,,,,,,,,,,,,,,,,,,,,,,,,,,,,,,,,,,,,,,,,,,
Ardbeg Uigeadail,63.82053191489362,92.09016393442623,Islay,,,2.0,,,,,,,,,,2.0,,,,,,,,,,,,,6.0,,,,,,,,,,,,,,,,,,,,,4.0,4.0,,,,,,,,,,,,,,2.0,,,,,
Ardmore Traditional Cask Peated,49.083333333333336,78.9090909090909,Highland ,,,,,,,,,,,,,,,,2.0,,,,,,,,,,,,,,,,,,,2.0,,,,,,,,,,,,,,2.0,,,,,,,1.0,,,,,,4.0,,,,,
Arran 10,35.5025,84.08695652173913,Island ,,,,,,,2.0,,,1.0,,,,,,,,,,3.0,,,,,,,,2.0,,,,1.0,,,,,,,,,,,1.0,,,3.0,1.0,,,,,,,,,2.0,,4.0,,,2.0,6.0,,,,2.0,
Arran 12 Cask Strength,59.0,86.6,Island,,,,,,,,,,,,,,,,,2.0,,,,,,,,,4.0,,,,1.0,,,,,2.0,,,,,,,,,2.0,,,,,,,,,,,,2.0,,,,,,,,,,,
Arran 14,52.62777777777777,84.25,Island ,,,,2.0,,,,,1.0,,,,2.0,,,,,,,2.0,,,,,,,,,,,,2.0,,,2.0,,,,,,,,,,,3.0,2.0,,,,,1.0,,,,,,2.0,,,,4.0,,,,2.0,
Arran Amarone Cask Finish,40.736000000000004,82.14285714285714,Island ,,,,,4.0,,2.0,1.0,1.0,,,2.0,,,,,,,,,,,,,,3.0,,,,2.0,,,,,,,,,,,,,,,,3.0,,1.0,,,,,,,,7.0,,,,,,4.0,,,,1.0,
Arran Port Cask Finish,45.197500000000005,75.5,Island,,,8.0,,1.0,3.0,,,3.0,,1.0,,3.0,,,,,,5.0,7.0,,,,,,5.0,5.0,,,,,7.0,,2.0,,,,,3.0,8.0,,,1.0,1.0,1.0,,1.0,9.0,4.0,,4.0,,,,,,,1.0,2.0,,,19.0,,,2.0,,
Arran Sauternes Cask Finish,42.92333333333334,80.88888888888889,Island ,,,,,,,,1.0,,,,,,,,4.0,2.0,,,,,,,,,,,,,1.0,,,,,3.0,,1.0,,,,,,,,,3.0,,,,,,,,,,,4.0,,,,,2.0,2.0,,,,
Arran Sherry Single Cask,82.16666666666667,88.0,Island ,,2.0,1.0,2.0,4.0,4.0,,1.0,,,6.0,,4.0,,,7.0,,,,8.0,,2.0,2.0,,,3.0,,2.0,,,,,1.0,,,,,,,,2.0,,,5.0,,8.0,3.0,21.0,2.0,,1.0,,,,3.0,23.0,4.0,13.0,,,,,,,,,
Auchentoshan 12,33.58894736842105,79.2,Lowland,,,,,,,4.0,,,1.0,,,,,,1.0,2.0,,,,,,,,,,,,,3.0,,,,,,,,,,,,,,3.0,,3.0,,,,,,,2.0,,,,,,,,,2.0,,,,,
Auchentoshan American Oak,26.846666666666664,72.33333333333333,Lowland,,,,,,1.0,,,,,2.0,,2.0,,,,,,,,,,,,1.0,,,,,,,,,,,,,,,,,,,,,2.0,,,,,,,,,,4.0,,,,,,,,,,,
Auchentoshan Classic,27.296,75.875,Lowland,,,,2.0,,1.0,,,,,,,2.0,,,,,,,,,,,,,,,,,,,,,,,,,,,,,,,,,,,,,,,,,,,,,,,,,,,,,,
Auchentoshan Three Wood,59.583333333333336,82.82926829268293,Lowland,,,,,2.0,,,,,,,,,,,,,,,,2.0,,,,,,,,,,,,,,,,,,,,,,,2.0,,,4.0,4.0,,,,,,,,,,,2.0,,,3.0,,2.0,,,
Auchentoshan Valinch,45.967894736842105,83.25,Lowland,4.0,,,,,,,,,,,,2.0,,,,,,,2.0,,,,,,,1.0,,,,,,,,,,,,,,,,,,,,,,2.0,,,,,,,,,,,,,2.0,,,2.0,,
Baker's 107,36.75,81.8,Bourbon,,,,,,,3.0,,,,,,2.0,,,,,,,,,,,,,,1.0,,,,,,,,,,,,,,,,,,,2.0,,,,,,,,2.0,3.0,,,,,,,,,,,1.0,
Balcones Baby Blue,55.0,80.5,American,,,,,,,,,,,,,,,,,,,,,,,,,,,,,,,,,,,,,,,,,,,,,,,,,,,,,,,,,,,,,,,,,,,
Balcones Brimstone,65.0,79.18181818181819,American,,,,,,,2.0,,,,,,1.0,,,,,,,2.0,,,,,,,1.0,,6.0,,1.0,,,,,,,,,,,,,1.0,1.0,,,,,,,,1.0,4.0,,4.0,,,,,,4.0,,2.0,,,
Balcones Texas Single Malt,60.666666666666664,85.375,American,,,,2.0,,,,,,,2.0,,,,,4.0,2.0,2.0,,,,,,,,,1.0,1.0,6.0,1.0,,,,,,,1.0,,,,,,,3.0,,3.0,4.0,,,,4.0,,,,,4.0,4.0,2.0,,2.0,,18.0,1.0,,,2.0,
Ballantine's Finest,17.05333333333333,71.85714285714286,Blend,,,,,,,,,,,,,,,,,,,,,,,,,,,,,,,,,,,,,,,,,,,,,,2.0,,,,,,,,,,,,,,,,1.0,,,,,
Balvenie 10 Founder's Reserve,58.333333333333336,83.5,Speyside,,,,,2.0,,,2.0,,,,,,,,1.0,,,,,,,,,,,1.0,,,,,,,,,,,,1.0,,,,,,,,,,,,,,,,,,,,,,4.0,2.0,,,,,
Balvenie 12 Doublewood,46.50465517241379,81.81111111111112,Speyside,,,8.0,3.0,6.0,,,,,1.0,,9.0,,,8.0,12.0,10.0,2.0,6.0,2.0,6.0,,4.0,,,,22.0,,,,,21.0,,,5.0,,,,,,,,,,,2.0,1.0,28.0,4.0,,,,,2.0,,31.0,13.0,4.0,,5.0,6.0,38.0,,,10.0,2.0,
Balvenie 12 Signature,50.333333333333336,83.63636363636364,Speyside,,2.0,,,,,,,,,,,5.0,,,,,,,,1.0,,,,,,2.0,,,4.0,,,,,,,,,,,,,,1.0,,2.0,,,,,,2.0,,,,,,,,,,4.0,,,,,
Balvenie 12 Single Barrel First Fill,67.33333333333333,85.06666666666666,Speyside,2.0,4.0,2.0,,1.0,,,,,,,,,,,2.0,,,,4.0,,,,,,,2.0,,,2.0,,8.0,,,,,,,1.0,,,,,1.0,,8.0,,,9.0,,,,,,,2.0,4.0,,,,,13.0,2.0,,,,
Balvenie 14 Caribbean Cask,58.102745098039215,84.7625,Speyside,,,,,,,,,,,,,,,,,,,,,,,,,,,,,,,,,,,,,,,,,,,,,,,,,,,,,,,,,,,,,,,,,,,
Balvenie 14 Golden Cask,75.0,87.5,Speyside,,,,,,,2.0,,,1.0,,,,,,,2.0,,,,,,,,,,,,,1.0,,1.0,,,,1.0,,,,,,,,,,2.0,,,4.0,,,,,,,4.0,,,,,,,,,2.0,,
Balvenie 15 Single Barrel,80.1304347826087,88.06382978723404,Speyside,7.0,4.0,2.0,4.0,1.0,,16.0,,2.0,,1.0,2.0,,,,,2.0,3.0,,,,,1.0,1.0,,4.0,5.0,4.0,1.0,13.0,4.0,2.0,,1.0,4.0,,,,1.0,,,1.0,4.0,4.0,,13.0,,7.0,,,2.0,1.0,1.0,2.0,,3.0,,2.0,,3.0,,7.0,,4.0,2.0,6.0,
Balvenie 15 Single Barrel Sherry Cask,40.5,88.16666666666667,Speyside,,,,,,,,,1.0,,,,,,2.0,,,,,,,,,,,2.0,1.0,,,,,1.0,,,,,,,,,,,1.0,1.0,,,,8.0,,,,,,2.0,2.0,2.0,,,,,,6.0,,2.0,,,
Balvenie 17 Doublewood,92.97666666666667,86.3529411764706,Speyside,,,,,,,2.0,,,,,,4.0,,,,,,,2.0,,,,,,,,,,3.0,,,,,,,,,,,,,,,,,4.0,4.0,2.0,,,,,,6.0,4.0,,,,,,,,,,,
Balvenie 17 Madeira Cask,97.33333333333333,88.45454545454545,Speyside,1.0,,,,,1.0,2.0,1.0,,,,,5.0,,,2.0,,,,3.0,,,,,,,,,,7.0,,,,,,,,1.0,,,,,,4.0,,,,2.0,,,,,,,,1.0,,,,,,5.0,,8.0,2.0,,
Balvenie 17 Peated Cask,85.90222222222222,89.41176470588235,Speyside,,,,,,,2.0,,,,,,2.0,,,9.0,,,,2.0,,,,,,,,,,,2.0,1.0,,,,,,,,,2.0,,,,,,,,1.0,1.0,,,,,,2.0,,1.0,,,,,,,,1.0,
Balvenie 21 Portwood,148.08555555555554,88.36666666666666,Speyside,,,,,,,,,2.0,,,2.0,,,2.0,,,,,,3.0,,1.0,1.0,,3.0,1.0,1.0,,2.0,,,,1.0,1.0,,2.0,,,,,,,,,3.0,,5.0,,,3.0,1.0,,,,4.0,,,,,5.0,3.0,,,,2.0,
Balvenie Tun 1401 Batch #3,246.66666666666666,91.72727272727273,Speyside,,,,,,,2.0,,,,,,,,,,,,,2.0,,,,,,2.0,,,,3.0,,5.0,,,3.0,,,,,,,,,,,2.0,,5.0,,2.0,,,,,,,,,,,2.0,,,,,,
Balvenie Tun 1401 Batch #5,250.0,95.42857142857143,Speyside,,2.0,2.0,2.0,,,,,2.0,,,5.0,4.0,,,,,,,3.0,,,,,,3.0,5.0,1.0,,2.0,,2.0,,,,,,1.0,,,,,,2.0,,2.0,,2.0,,,2.0,,,2.0,,5.0,5.0,,,,,2.0,,,4.0,,
Basil Hayden,24.173333333333332,81.1,Bourbon,,1.0,,3.0,2.0,,2.0,,,,,,,2.0,2.0,2.0,,5.0,,2.0,,,,,,,2.0,,4.0,,,,,,,1.0,,,1.0,,4.0,2.0,2.0,1.0,,3.0,,,,,,,,,3.0,9.0,5.0,,,,4.0,3.0,2.0,,,7.0,
BenRiach 10 Curiositas,21.665000000000003,86.46666666666667,Speyside,,,,,2.0,,,,,,2.0,,,,,,,,,,,,,,,,,,,,,,,,,,,,,4.0,,,,,,,,,,,,,,,,,,,,,,,,,,,
BenRiach 12,57.0,82.53846153846153,Speyside,2.0,,,,3.0,,,2.0,,,,,,,,6.0,,,,,,,,1.0,,,,,,3.0,1.0,,,,,,4.0,,,,,,,,,5.0,,,,,,7.0,,,,,1.0,,,,,,,,4.0,,
BenRiach 12 Importanticus Fumosus,,86.0,Speyside,,,,,,,2.0,,,,,,,,,,,,,3.0,,,,,,4.0,,1.0,,,,,,,2.0,,,,,,,,,,,,,2.0,,,,1.0,,,,,,,2.0,,,3.0,,,,,
BenRiach 12 Sherry Matured,35.355000000000004,84.5,Speyside,,,,,1.0,,,,3.0,,,,,,,,,,,,,,,,,7.0,,,,,,,,,,,,,,,,,,,,,,8.0,,,,,,,,,1.0,,,,,2.0,,,,3.0,
BenRiach 16,72.5,84.42857142857143,Speyside,3.0,2.0,,,3.0,1.0,2.0,,7.0,,3.0,,11.0,,,12.0,,,,3.0,,,,,2.0,2.0,8.0,,,4.0,2.0,,,,4.0,,,,2.0,,,,,1.0,,1.0,12.0,7.0,12.0,,,,4.0,2.0,,,2.0,,,,,8.0,,,2.0,,
BenRiach 17 Solstice,100.4,90.41666666666667,Speyside,,,,,,,,,,,,2.0,,,,,,,,,2.0,,,,,4.0,1.0,,,,,,,,1.0,,,,,,,,1.0,1.0,,1.0,,,,,,1.0,,,,,,,,,,2.0,,,,,
BenRiach 21 Authenticus Peated,137.5,88.85714285714286,Speyside,,,,,2.0,1.0,,,,,1.0,,5.0,,,3.0,2.0,,,,1.0,1.0,,1.0,,,1.0,,,3.0,,1.0,,,,,,1.0,,,,,,1.0,1.0,1.0,4.0,2.0,,,,,,1.0,,5.0,,,,3.0,,5.0,1.0,2.0,2.0,1.0,
Benrinnes 14 AD Rattray Sherry Cask,96.5,93.71428571428571,Speyside,,,,,,,2.0,,4.0,,,,,,,,,,,,,,,,,5.0,2.0,,,,,,,,,,2.0,,,,,,1.0,,,,,10.0,,,,,,,,3.0,,,,,,2.0,,2.0,,,
Benrinnes 14 Lady of the Glen 1999,69.0,94.375,Speyside,,,,,,,,,,,,,3.0,,,,,,,,,,,,,,,,,,,2.0,,,2.0,,,,,,,,,,,1.0,,2.0,,,,,,,,,,,,,2.0,4.0,,,,1.0,
Benrinnes 15 DARKNESS! Oloroso,87.66666666666667,90.16666666666667,Speyside,9.0,,,,2.0,12.0,6.0,2.0,,,2.0,3.0,,,,,,,,3.0,,,,,,,2.0,1.0,2.0,2.0,,,,2.0,8.0,,,1.0,1.0,,2.0,,,2.0,,5.0,,18.0,2.0,,,7.0,,,,3.0,,,,,,1.0,,,,2.0,
Benrinnes 15 DARKNESS! Pedro Ximenez,90.5,91.125,Speyside,,,,,,,,,2.0,,,,,,2.0,,,,,,,,,,,1.0,,,,,,,,,,,,,,,,,,,,,,4.0,,,,,,,,1.0,,,,,,2.0,,,,2.0,
Benrinnes 23,205.33333333333334,93.84615384615384,Speyside,2.0,2.0,,,,,,,1.0,,,2.0,3.0,,,,,,,2.0,3.0,,2.0,,,5.0,,,,,,2.0,,,,,,,,,,,2.0,,1.0,,,4.0,,,,,,,,1.0,3.0,,,,,4.0,,,,2.0,
Benromach 10,39.52235294117647,84.73529411764706,Speyside,,2.0,,,1.0,,,,,,,,,,,2.0,,,,1.0,,,,,,1.0,,,,,,,,,,,3.0,,,,,,,,2.0,,,5.0,,1.0,,,,,,1.0,,,,,1.0,2.0,,,,,
Benromach 10 100 Proof,69.0,90.5,Speyside,,,,,,,,,1.0,,,,,,,,,,,2.0,,,,,,,,,,,,,,,,,,,,,,,,,,4.0,,4.0,,,,,,,,4.0,,,,,,,,,,1.0,
Benromach Traditional,36.0,79.83333333333333,Speyside,,,,1.0,2.0,,,,1.0,,1.0,,,,,2.0,1.0,2.0,,,,,,,,1.0,,,,1.0,,1.0,,,4.0,,,,,2.0,,,,1.0,,2.0,,6.0,,,,,,,,,,,1.0,,,6.0,,2.0,,,
Bernheim Original Small Batch Wheat Whiskey,31.625,83.0,Wheat,,,,3.0,,,,,,,2.0,,,,,4.0,,,,,,,2.0,2.0,,,3.0,2.0,2.0,,,1.0,2.0,2.0,,,,,3.0,,,,,3.0,,4.0,2.0,,,,,,,,,,2.0,,,,,4.0,,,,5.0,
Black Bottle,20.029166666666665,76.25,Blend,8.0,,,3.0,5.0,6.0,4.0,2.0,5.0,,1.0,1.0,5.0,,4.0,31.0,2.0,,11.0,32.0,6.0,,,,5.0,1.0,,2.0,3.0,10.0,1.0,3.0,,1.0,3.0,1.0,17.0,,,2.0,2.0,,,3.0,,9.0,6.0,4.0,13.0,2.0,,,2.0,,1.0,14.0,2.0,3.0,4.0,4.0,2.0,20.0,2.0,2.0,,13.0,
Black Bottle ,19.375,80.11111111111111,Blend,,,,,,,,,1.0,,,,2.0,,,2.0,,,7.0,,,,,,,,,,,,,,,,,,,,,,,,,2.0,,,,2.0,,,,,,,,2.0,,,2.0,,,2.0,,,,,
Black Grouse,26.4,70.25,Blend,,,,,2.0,,,,,,,,,,,2.0,,2.0,,,,,,,,,,,,2.0,,,,,,,,,,,,,,,,3.0,,,,,,,,,,,,,,,4.0,,,,,,
Black Maple Hill,41.285714285714285,80.41666666666667,Bourbon,,,,,,,5.0,,,,,2.0,,,,1.0,,,,,,,,,5.0,1.0,2.0,5.0,1.0,,,,,,,,,,,,,,3.0,1.0,,,2.0,,,,,3.0,,9.0,,1.0,,,,,,9.0,,4.0,2.0,,
Blanton's Original Single Barrel,38.82826086956522,86.68571428571428,Bourbon,6.0,,4.0,9.0,6.0,,29.0,,,1.0,4.0,6.0,12.0,,2.0,24.0,2.0,,4.0,,14.0,,,1.0,5.0,3.0,25.0,4.0,16.0,14.0,3.0,4.0,7.0,6.0,2.0,,,,1.0,,6.0,4.0,10.0,11.0,1.0,56.0,34.0,,3.0,,4.0,4.0,,4.0,,43.0,12.0,,,9.0,11.0,57.0,5.0,6.0,4.0,39.0,
Blanton's Straight from the Barrel,80.0,91.42857142857143,Bourbon,,,,,2.0,,9.0,,,3.0,,,,,,4.0,,,,,1.0,,,,,,2.0,,4.0,1.0,,,3.0,,,,,,1.0,,,,,,,9.0,,,1.0,,,,,,,4.0,,,,1.0,,6.0,,2.0,,3.0,
Booker's 25th Anniversary,86.83333333333333,89.77777777777777,Bourbon,,,,,,,,,,,7.0,,1.0,6.0,2.0,,2.0,,,,2.0,,,,2.0,,1.0,,5.0,,,,,,,,,2.0,,,,,,,,4.0,,,,,,,,,,16.0,,,,4.0,7.0,12.0,,,,10.0,
Booker's Bourbon,47.641351351351354,89.87755102040816,Bourbon,,,,,,,,,,,,,,1.0,,2.0,,,,,,,,,,,1.0,,,,,1.0,,,,,,1.0,,,,,,1.0,1.0,1.0,1.0,,,,,,,,,6.0,,,,,,,,,,2.0,
Bowmore 12,32.78037037037037,75.02380952380952,Islay,2.0,,,3.0,,2.0,2.0,,1.0,,,,,4.0,,2.0,2.0,,,7.0,,1.0,,,,,,,,1.0,,,,2.0,7.0,,4.0,,,2.0,,,,2.0,1.0,,,4.0,2.0,1.0,,,,,,4.0,,4.0,,4.0,,4.0,6.0,,2.0,1.0,
Bowmore 15 Darkest,35.375,78.72,Islay,2.0,,,3.0,,2.0,2.0,,1.0,,,,,4.0,,2.0,2.0,,,7.0,,1.0,,,,,,,,1.0,,,,2.0,7.0,,4.0,,,2.0,,,,2.0,1.0,,,4.0,2.0,1.0,,,,,,4.0,,4.0,,4.0,,4.0,6.0,,2.0,1.0,
Bowmore 15 Laimrig,66.25,85.28571428571429,Islay,,,,,,,,,,,,,,,,2.0,,,,,,,3.0,,,2.0,2.0,4.0,,2.0,1.0,,,,,,,,,,,,,,,,1.0,4.0,,,,,,2.0,4.0,,,,,,1.0,2.0,2.0,,,,
Bowmore 18,46.778,82.22222222222223,Islay,,,,,,,,,,,,,2.0,,,2.0,,,,,,,,,,2.0,,,,,,1.0,,,2.0,,,,,,,,,,,,,,,,,,,,,1.0,,,,,,1.0,,,,,
Bowmore Devil's Cask,33.983333333333334,84.625,Islay,,,,,1.0,,,,2.0,,4.0,,,10.0,2.0,2.0,,,2.0,,,,,,,7.0,5.0,,,8.0,3.0,,3.0,,,,,,4.0,,,,,2.0,,5.0,,6.0,,,,8.0,,,,,,,,,2.0,5.0,,4.0,,,
Bowmore Legend,24.96923076923077,64.41176470588235,Islay,,,,,1.0,2.0,,2.0,,,,,1.0,,,,,,,,,,,,,,,1.0,,,,,,,,,,,,,,1.0,,,,,,,,,,,,,1.0,,,,,3.0,,,,,,,
Bowmore Tempest Batch 3,0.865,85.0,Islay,,,,,2.0,,,,,,,1.0,,,,,,,,,,,,,,1.0,,,,,,1.0,,,,,,1.0,,,,,,1.0,,,,,,,,,1.0,,1.0,,,,,,1.0,,,2.0,,1.0,
Breckenridge Bourbon,47.5,77.83333333333333,Bourbon,,,,,,,,,,,,,,,,,,,,,,,,,,1.0,,,,2.0,,,,,,,,3.0,,,,,,,,,,,,,,,,,,2.0,,,,,,,,,,1.0,
Bruichladdich Bere Barley 2006,67.66666666666667,79.0,Islay,,,1.0,,1.0,3.0,5.0,,,,,,,,,,,,,,,6.0,,,,,,,,2.0,,5.0,,2.0,,,2.0,,,,,,,,,12.0,1.0,,,,5.0,,,,,,,,,,,8.0,,,5.0,1.0,
Bruichladdich Black Art 2,147.45999999999998,88.89473684210526,Islay,,,,,,1.0,,,,,,4.0,,,,2.0,,,,4.0,,4.0,2.0,,,2.0,1.0,,,,,2.0,,,1.0,,,,,,,,1.0,,,,,2.0,,,,2.0,,,,,,,,,,,,,,,
Bruichladdich Black Art 3,229.66666666666666,93.2,Islay,2.0,,,,,,,,,1.0,2.0,2.0,1.0,,,,,,,5.0,,2.0,,,,,,,,,,,,,,,,,,,,,,,,,,5.0,,,,3.0,,,,,,1.0,,,,,,,,2.0,
Bruichladdich Islay Barley 2006,61.726,83.88888888888889,Islay,,,1.0,,1.0,3.0,5.0,,,,,,,,,,,,,,,6.0,,,,,,,,2.0,,5.0,,2.0,,,2.0,,,,,,,,,12.0,1.0,,,,5.0,,,,,,,,,,,8.0,,,5.0,1.0,
Bruichladdich Octomore 2.2 Orpheus,223.33333333333334,93.375,Islay,,,,,,,,,1.0,,,,,,,,,,,2.0,,4.0,,,1.0,2.0,,,,,2.0,,,,,,,,,,2.0,,,,,,,,,1.0,,,,,,,,2.0,,,3.0,7.0,,,,,
Bruichladdich Octomore 4.2_167 Comus,136.95000000000002,92.9,Islay,,,,5.0,,,,,,,,,,,,2.0,2.0,,2.0,,,,,,,4.0,,,,,,,,,1.0,,,,,,,,,,2.0,,,,,,,,,,,,,,2.0,,,,,,,,
Bruichladdich Octomore 5.1,184.75,90.66666666666667,Islay,,,,,,,,,,,,,,,2.0,4.0,,,,,,,,,,,,,,2.0,,,,,,,,1.0,,,,,,,,2.0,,,,,,,,,,,,,,,,1.0,,,,,
Bruichladdich Octomore 6.1,116.3225,89.0,Islay,,,,,,2.0,,,,,,2.0,,,,,,,,,,2.0,2.0,,,,,,,,,,,,,,,,,,,,,,,,,,,,,,,,,,2.0,,,,,1.0,,,,,
Bruichladdich Octomore 6.3,155.0,86.5,Islay,,,,,,,,,,,,,7.0,3.0,,2.0,,,,2.0,,,,,,8.0,,,,,,5.0,,2.0,,,,,,4.0,6.0,,,,,,,2.0,1.0,1.0,,,,,,,,,,,4.0,14.0,,,,1.0,
Bruichladdich PC7,99.88888888888889,89.78571428571429,Islay,,,,3.0,,1.0,,,,,,,8.0,,,,,,,2.0,1.0,4.0,,,,,,,,,,,,,,,1.0,,,1.0,,,,,,2.0,,4.0,5.0,,1.0,,,,,8.0,,,,1.0,,2.0,,,,,
Bruichladdich Port Charlotte 10,60.0,87.6,Islay,,,1.0,,,2.0,2.0,,1.0,,,1.0,2.0,,,,,,,2.0,,,,,,1.0,,,,2.0,,,,,,,,1.0,,3.0,,,,,,1.0,1.0,1.0,,,,,,2.0,,2.0,,,,,,,,,,,
Bruichladdich Port Charlotte An Turas Mor,53.2275,84.58823529411765,Islay,,,,,,,,,,,,,,,,,,,,2.0,,,,,,,,,,2.0,,,,,,1.0,,,,,,,,,,,,,,,,,,,,,,,,6.0,,1.0,,,,,
Bruichladdich Port Charlotte Scottish Barley,47.455714285714286,86.1875,Islay,,,,4.0,,,,,,,,,,,,2.0,,,,,,,,,2.0,,,,,4.0,,,,,,,,,,,,,,,,,,,,,,,,,,,,,,,,,,,,,
Bruichladdich Port Charlotte The Peat Project,42.352222222222224,82.38461538461539,Islay,,,,,2.0,6.0,,,,1.0,,1.0,,,,,,,,,,2.0,2.0,1.0,2.0,1.0,,,,,,,,,3.0,,,,,,,,,,1.0,2.0,,2.0,,,,,,,,2.0,,2.0,,,2.0,,,,,1.0,
Bruichladdich Port Charlotte Tro Na Linntean,,91.33333333333333,Islay,,,,,,2.0,,1.0,,,,2.0,,,,,2.0,,,,,,2.0,,,,2.0,,,1.0,,,,,,,,,,,1.0,,,1.0,,2.0,,,,,,,,,1.0,2.0,,4.0,,,,2.0,,2.0,,1.0,
Bruichladdich Rocks,45.07142857142857,83.36363636363636,Islay,,,,,,,,,1.0,,,,,4.0,,2.0,,,,,,,,4.0,,,,,,1.0,,,,,,,,,,,,,,,,4.0,3.0,,,,,,,,,,,,,,,2.0,,,,1.0,
Bruichladdich The Classic Laddie,31.948333333333334,85.5,Islay,,,,1.0,,,,,,,,,,,,,,,,,,,,,,,,,,,,,,,,,,,,,,,,2.0,,,,,,1.0,,,,,,,,,,,,,,,,,
Bruichladdich The Laddie Sixteen,96.5,88.57142857142857,Islay,7.0,,,2.0,2.0,,,,,,,2.0,2.0,,,,2.0,,2.0,,2.0,3.0,,,,,,,,,,,,,,,,,,,,,,2.0,,,,,2.0,1.0,,,,,,10.0,2.0,,,,,8.0,,2.0,,,
Bruichladdich The Laddie Ten,50.197,86.98550724637681,Islay,7.0,,,2.0,2.0,,,,,,,2.0,2.0,,,,2.0,,2.0,,2.0,3.0,,,,,,,,,,,,,,,,,,,,,,2.0,,,,,2.0,1.0,,,,,,10.0,2.0,,,,,8.0,,2.0,,,
Bruichladdich The Organic,52.15,78.1,Islay,,,,1.0,,,,,,,,,,,,2.0,,,,,,2.0,,,,,,,,,,,,,3.0,,,,,,,,,,,,,,,3.0,,,,,,,,,,,,4.0,,,2.0,,
Bruichladdich Waves,80.0,78.16666666666667,Islay,,,,,,2.0,,,,,,,,,,2.0,,,,,,2.0,,,,,,,,4.0,,,,,2.0,,,,,2.0,,,,,2.0,2.0,,,,1.0,,,,,,,,2.0,,2.0,3.0,4.0,,,,2.0,
Buchanan's 12 De Luxe,30.25,77.5,Blend,1.0,,,,,,,,,,,,,,,2.0,2.0,,,,,,,1.0,,,,,2.0,1.0,,,,,,,,,,1.0,,,,,,,,,,,,,,,,,,,1.0,,,1.0,1.0,,2.0,1.0,
Buffalo Trace,22.188636363636363,84.58,Bourbon,,,,,,,,,,,,2.0,,,,6.0,,,,,2.0,,,1.0,,,6.0,,,,,,,,,,,,,,,,,,,7.0,,,,,,,,,,,,,,,,,1.0,,,1.0,
Bulleit Bourbon,23.049130434782608,81.94117647058823,Bourbon,,,,,,,,,,,1.0,,,,,,,,,,,,,,,,4.0,,,2.0,1.0,,,,4.0,,,,,,,,,1.0,1.0,,,,2.0,,,,,,,4.0,,,,,1.0,4.0,2.0,2.0,,,
Bulleit Bourbon 10,39.333333333333336,86.0,Bourbon,,,,,,,,,,,,,,,,,,,,,,,,,,,1.0,,,,,,,1.0,,,,,,,2.0,,1.0,,,6.0,,,,,,,,,,,,,,,,,,,,,
Bulleit Rye,25.054137931034482,84.68571428571428,Rye,,,,,,,2.0,,,,,,3.0,,,,,,,4.0,2.0,,,,,,2.0,,,,1.0,,,,,,,,,,,,,,,,4.0,,,,,,,,,2.0,2.0,,,,,,,,2.0,,
Bunnahabhain 12,48.598,86.29629629629629,Islay,1.0,,,,,,,,,,,,,,,4.0,,1.0,,,,,,,,2.0,,,,,,1.0,,,,,,,,,,,,,,,,3.0,,,,,,,,,,,,,,4.0,,,,,
Bunnahabhain 18,84.64399999999999,90.20833333333333,Islay,,,,,,,,,,,2.0,,,,,,,,2.0,1.0,,,,,,,,,,,,,,,,,,,,,,,,2.0,,,,3.0,,,,,,,,,,,,,,2.0,,,,2.0,
Bunnahabhain 25,292.25,88.57142857142857,Islay,,,1.0,,1.0,1.0,1.0,,,,2.0,6.0,2.0,,,,,,,2.0,1.0,,,,,,,1.0,,1.0,,,,,,,,,,,,,,,,,,6.0,,,,,,,,,,,,,,,,,,,
Bunnahabhain Toiteach,87.5,84.63636363636364,Islay,,,,,,3.0,,,,,1.0,,,2.0,,,,,,,,,,1.0,,1.0,1.0,,,,,,1.0,4.0,,,,,1.0,4.0,2.0,,1.0,,,2.0,,,2.0,1.0,,5.0,,,,,1.0,,,,2.0,4.0,,,,,
Bushmills 10,30.1075,81.0,Irish,2.0,1.0,,,1.0,4.0,,,,,,,1.0,,,2.0,,,,,,2.0,1.0,,,,,,,4.0,,2.0,,,,,,,,,,,,1.0,,1.0,,,,,,,,,,,,,,3.0,,4.0,,,4.0,,
Bushmills 16,63.666666666666664,85.66666666666667,Irish,,,2.0,,2.0,,,,1.0,,2.0,,,,2.0,4.0,,,,,2.0,,,,,,,,,,,1.0,,,,,,,,,,,,,,1.0,2.0,2.0,,,,,,,4.0,,4.0,,,,,,,,,2.0,
Bushmills Black Bush,21.793333333333333,81.16666666666667,Irish,,,,,,,,,,,,,,,,,,,,,2.0,,,,,,,,,,,1.0,,,,,,,,,,,,,,2.0,,,,,,,,,,,,,,,,,2.0,,,1.0,
Bushmills Original,19.08,69.375,Irish,,,,,,4.0,1.0,,,,,,1.0,,,2.0,,,,,,,,,,,,,,2.0,,,,,,,,,,,,,,,,4.0,,,,,,,2.0,,,2.0,,,,,,2.0,,,,,
Caol Ila 12,54.032407407407405,84.9080459770115,Islay,,,,,,,,,,,,,,,,,,,4.0,,,,,,,,,,,2.0,,,,,,,,,,,,,,,,,,,,1.0,,,,,,,,3.0,5.0,,,8.0,,,,2.0,
Caol Ila 18,74.66666666666667,87.9090909090909,Islay,,,2.0,1.0,2.0,3.0,,,,,,2.0,3.0,,,,,,,,3.0,,1.0,,,,2.0,,,1.0,,5.0,,,,,1.0,,,,,,,,,1.0,3.0,2.0,2.0,,3.0,1.0,,,,3.0,,,2.0,,1.0,,,,,,
Caol Ila Cask Strength,41.96666666666667,88.83333333333333,Islay,,,,,,2.0,,,,,,,,,3.0,2.0,,,,,,,,,,,,,,,,,,,,,,,,3.0,,,,,,,,,,,,,,,,,,4.0,2.0,,1.0,4.0,,,,,
Caol Ila Distiller's Edition,50.333333333333336,86.9,Islay,,,,,,,,,,1.0,,2.0,,,,2.0,2.0,,,,,,,,,,,,,,,,,,,,,,,,,,,,,,,2.0,,,,,,,,,2.0,,,,,1.0,,,,3.0,
Caol Ila Stitchell Reserve,106.66666666666667,88.66666666666667,Islay,,,,1.0,,5.0,,,,,,,2.0,,,2.0,,,,,,,,,,,,,,,,,,,,,,,,,,,1.0,,,,,2.0,,,,2.0,,,,,,,,1.0,,,,,,,
Caperdonich 18 Signatory,91.33333333333333,86.42857142857143,Speyside,7.0,,2.0,,8.0,5.0,4.0,2.0,,,,,8.0,2.0,,12.0,,,,16.0,2.0,,,3.0,,,,,,,,,,,1.0,,,,,2.0,,,,3.0,3.0,13.0,21.0,5.0,1.0,,,,,,1.0,,7.0,,,2.0,8.0,9.0,,,,7.0,
Cardhu 12,32.93066666666667,76.32,Speyside,,,,2.0,,,,,,,,,,,,,,,,2.0,,,,,,,,,,1.0,,,,,2.0,,,,,,,,,1.0,,2.0,2.0,,,,,,,,,,,,,,,2.0,,,,,
Chivas Regal 12,23.061739130434784,69.4186046511628,Blend,,,,,,1.0,2.0,,,,,,,,,,,,,1.0,,5.0,,,,,,,2.0,,,,,,,,,2.0,,,,,,3.0,,,,,1.0,,,,,,1.0,1.0,,,,2.0,4.0,,2.0,,,2.0,
Clynelish 14,51.669999999999995,82.34210526315789,Highland ,3.0,,,,,,,,,,,,,,,,,,,,,,,,,,,,,6.0,,,,,,,4.0,,,,,,,,,1.0,,,,,,,,,,,,,2.0,,3.0,1.0,,,2.0,7.0,
Colonel E.H. Taylor Barrel Proof,66.84105263157895,90.96,Bourbon,,,,3.0,,,,,5.0,,6.0,4.0,,,,,,,,,,,,,,,,,1.0,,,,,,,,,,,,,,2.0,6.0,,1.0,,,,,,,,,,3.0,,,2.0,2.0,,6.0,4.0,8.0,,6.0,
Colonel E.H. Taylor Single Barrel,61.125,85.33333333333333,Bourbon,,,1.0,1.0,2.0,,,,,,,,,,,,,,,,,,,,,,2.0,1.0,,,,,,,,,,,,,,,,2.0,1.0,2.0,,,2.0,,,,,,,3.0,,,,,,6.0,,4.0,,2.0,
Colonel E.H. Taylor Small Batch,35.56346153846154,87.85714285714286,Bourbon,,,,2.0,,,,,,,,,,,,,,,,2.0,,,,,2.0,,,,,,,3.0,,,2.0,,,3.0,,,,,,1.0,,3.0,,,,,,,,,,,,,,,,,,,,1.0,
Colonel E.H. Taylor Straight Rye,70.54545454545455,89.21052631578948,Rye,2.0,,,2.0,,1.0,1.0,,,,,2.0,3.0,,,,,,,2.0,1.0,,,,,2.0,,1.0,,,,,1.0,,2.0,1.0,,2.0,,,,,,,2.0,,2.0,,2.0,,,,,,,4.0,,,,2.0,,,,,,1.0,
Compass Box Asyla,43.42857142857143,76.28571428571429,Blend,,1.0,,,,,,,,,,,,,,,,,,,,,,,,,,,,3.0,2.0,,,,6.0,,,,,,,,,,,3.0,,,,,,,2.0,,,7.0,,,,,,4.0,,,7.0,,
Compass Box Flaming Heart,67.08333333333333,89.33333333333333,Blend,,,1.0,,,,,,,,,,,,,,,,2.0,,,,,,,,2.0,,,,,,,,,,,,1.0,,,,,,2.0,,,,,,,,,,,14.0,4.0,,,,2.0,,,,2.0,,
Compass Box Great King St. Artist's Blend,31.991111111111113,80.46153846153847,Blend,,,,,,,,,,,,,,1.0,,,,,,2.0,,,,,,,,,,,,,,,4.0,,,,,,,,,1.0,,2.0,,2.0,,,,,,,,2.0,,,,,,,,,,,
Compass Box Hedonism,78.08888888888889,78.81818181818181,Blend,,,,,,2.0,,,,,,,,,,4.0,,,,2.0,,,,,,,,,,,,,,,,,,,,,,,,,,,,,,,1.0,,,,,,,,,,,,,,,,
Compass Box Oak Cross,46.69125,79.5625,Blend,4.0,,,,2.0,,,2.0,,,,,,,,12.0,,,,,1.0,,,,,,,,,,,3.0,,1.0,,,,,,,,,,,,,,,2.0,,1.0,,,,,4.0,,,,,,1.0,,,,,
Compass Box Peat Monster,51.0,80.55555555555556,Blend,1.0,,,,,,,,,,,,,2.0,,2.0,,,,,,,,,,3.0,,,,,,,,,,,,1.0,,,,,2.0,1.0,1.0,,,,,1.0,1.0,,2.0,,,,,2.0,,,,4.0,,2.0,,1.0,
Compass Box Spice Tree,51.879999999999995,81.03571428571429,Blend,,,,,2.0,,1.0,,,,,,,,,,,,,,,,,,,,,,,,,,,,,,,,,,,,,,,,,,,,2.0,,,,,,,,,,1.0,,,,,,
Connemara Peated,18.77,75.0,Irish,,,,,,,,,,,,,,,,4.0,,,,,,,,,,,,,,2.0,,,,,,,,,,,,,,1.0,,,,,,,,,,,,1.0,,,,,,1.0,,,,,
Cragganmore 12,43.18043478260869,79.83783783783784,Speyside,1.0,,1.0,,,,,,,,,,,,,,,,,,,,2.0,,,,,,,,,,,,,,,,,,,,,,,,,,,,3.0,,,,,,,,,,,,,,,,
Craigellachie 13,30.266666666666666,80.83333333333333,Speyside,,3.0,,,1.0,1.0,,,,,,,2.0,,,,,,,3.0,,1.0,,,,,,,,,,1.0,,4.0,,,,,,,,,,,,,,,2.0,,,,,,1.0,1.0,,2.0,,,,,,,,1.0,
Crown Royal Northern Harvest Rye,4.571428571428571,80.0,Canada,2.0,6.0,,,1.0,,,4.0,,,,,,,,,,,,,,,,,,,,,,,,,,,,,,,,,,,,2.0,,,2.0,,,,,,,,,,,,,,,2.0,,,,,
Crown Royal Special Reserve,0.5466666666666667,69.0,Canada,,,,2.0,1.0,,,,,,,,2.0,,,,,,,,,,,,,2.0,,,,,,,,,,,,,,,,,,,,4.0,,,,,2.0,,,,2.0,,,,,,,3.0,,,,2.0,
Cutty Sark,18.694444444444443,63.733333333333334,Blend,,,,4.0,,,,,2.0,2.0,,1.0,,,,2.0,,,,3.0,,,,,,,,,,,2.0,,,,,,,,1.0,2.0,,,,1.0,,,3.0,,2.0,,,,,2.0,,,,,,,,,,,,2.0,
Dalmore 12,41.57666666666667,77.64516129032258,Highland ,,2.0,,6.0,,2.0,,,4.0,,,,,2.0,,,2.0,,,2.0,,,,,,,,,,,,,,,,,,,,,,,,2.0,,,,3.0,,,,,,2.0,,2.0,,,,2.0,2.0,4.0,,2.0,4.0,,
Dalmore 1263 King Alexander III,191.66666666666666,90.0,Highland ,,,,,,,2.0,,1.0,,,,,2.0,,,,,,,1.0,1.0,,,,2.0,,,,,,,,,,,,,,,,,,,1.0,1.0,,,,,,,,,,3.0,,,,,,,,,,2.0,
Dalmore 15,52.85666666666666,81.9047619047619,Highland ,,,,,,,,,,,3.0,3.0,2.0,,,,2.0,,,,,,,,,,3.0,,,,,,,,,,1.0,1.0,,,,,,2.0,,,,,,,,,,,,,,,,,2.0,,2.0,2.0,,2.0,
Dalmore Cigar Malt,63.1,86.25,Highland ,,2.0,,6.0,,2.0,,,4.0,,,,,2.0,,,2.0,,,2.0,,,,,,,,,,,,,,,,,,,,,,,,2.0,,,,3.0,,,,,,2.0,,2.0,,,,2.0,2.0,4.0,,2.0,4.0,,
Dalwhinnie 15,49.247428571428564,82.58181818181818,Highland ,,,8.0,3.0,6.0,,,,,1.0,,9.0,,,8.0,12.0,10.0,2.0,6.0,2.0,6.0,,4.0,,,,22.0,,,,,21.0,,,5.0,,,,,,,,,,,2.0,1.0,28.0,4.0,,,,,2.0,,31.0,13.0,4.0,,5.0,6.0,38.0,,,10.0,2.0,
Deanston 12,50.0,78.15384615384616,Highland ,,,,,,,,,,,,,,,,2.0,,,,,,,,,,,,,,4.0,2.0,,,,,,,,1.0,,2.0,,,,,,1.0,,,,,2.0,,,,,,,,,,2.0,,,,,
Deanston Virgin Oak,18.162499999999998,74.61538461538461,Highland ,,,,2.0,2.0,2.0,1.0,,,2.0,,,,,,,,,,,,2.0,,,,,,,,1.0,,,,,,,,,,,,,,,,,,,,,,,,,,6.0,,,,,,,,,2.0,,
Dewar's 12,22.578333333333333,78.83333333333333,Blend,,,,,,,,,,,,2.0,,,,,,,,,,,,,,,,,,2.0,,,,,2.0,,,,,,,,,,,1.0,,,,,,,,,,,2.0,,,,,2.0,,2.0,,,
Dewar's White Label,17.708333333333332,59.125,Blend,,,,,,,,,,,,,,,,,,,,,,,,,,,,,,,3.0,,,,,,,,,,,,,,,,1.0,,,,,,,,,,,,,,,,,,,,
Dimple Pinch 15,31.25,73.5,Blend,2.0,2.0,,,1.0,,,,,,,,,,,,,,2.0,,,,,,,,,,,,,,,,,,,,,,,,,,,,,,,,,,,,,,,,,,,2.0,,,,,
Eagle Rare 10,25.26512195121951,84.04166666666667,Bourbon,,,,,,,,,,,,,,,,,,,,,1.0,,,,,,,,,2.0,,,,,,,,,,,,,,2.0,,1.0,,,,,,,,5.0,,,,,,,,,,2.0,,,
Eagle Rare 17,58.471428571428575,89.33333333333333,Bourbon,,,9.0,,1.0,,,,,,,,3.0,,,2.0,,,,2.0,,,,,2.0,,,,1.0,,,,,,,,,1.0,,,,,,,,,,,,,,1.0,,,,4.0,,,,,,,,,2.0,1.0,
Eagle Rare 17 2013,95.25,91.5,Bourbon,,,4.0,1.0,,,2.0,,,1.0,,2.0,,2.0,,,2.0,,,2.0,,,,3.0,,,8.0,,,,,,,,1.0,,,4.0,,,2.0,,,11.0,1.0,4.0,,,,,,,,,,20.0,4.0,,,7.0,,13.0,,6.0,,19.0,
Edradour 10,53.1,82.35,Highland ,,,,,,,,,,,,,,,,2.0,,1.0,,,1.0,,,,,,,,,,,,,,,,,,,,,,,,,,,,,,1.0,,,,,1.0,,,,,,,,,,,
Elijah Craig 12,23.326744186046515,84.28,Bourbon,,7.0,,,8.0,,,,,,,,,,1.0,,,,,4.0,4.0,,,,,,,,,,,,,,1.0,,,,,,,,,1.0,,3.0,,,4.0,,,,,4.0,,12.0,3.0,,,,9.0,8.0,,,,5.0,
Elijah Craig 18,92.6,87.125,Bourbon,,,,,,,,,,,,,,,,,,2.0,,1.0,,,,,2.0,,,,1.0,,,,,2.0,,,,,,,,,,1.0,,,,1.0,,,,2.0,,,,6.0,,,,,,,,,,1.0,
Elijah Craig Barrel Proof,49.19230769230769,90.37142857142857,Bourbon,,,,,,,,,,,,,,,,,,,,,,,,,,1.0,1.0,,,,,,,,,,,,,,,,,1.0,1.0,2.0,,,,,,,,2.0,,5.0,1.0,,,,,,,2.0,,1.0,
Elmer T. Lee,29.36771428571429,86.95121951219512,Bourbon,,,,,,,,,,,,,,,,,,,,,,,,,,,,,,,,,,,,,,,,,,,,,,,,,,,,,,,,,,,,,,,,,,,
Evan Williams 1783,14.333333333333334,79.85714285714286,Bourbon,,2.0,,,,,1.0,,,,,2.0,,,,2.0,,,,4.0,,,,,,,,,7.0,,,,,,,,,,,,,,,,,2.0,,,,,,,,,,8.0,,,,,,,,,,,
Evan Williams Black Label,12.20909090909091,80.86666666666666,Bourbon,,,,,,,,,,,,,,1.0,,2.0,,,,,,,,,1.0,1.0,2.0,,,,,1.0,,,,,,2.0,,,,,,,,1.0,,,4.0,,1.0,,,,1.0,5.0,,,,,2.0,4.0,,,2.0,1.0,
Evan Williams Bottled in Bond,14.891764705882352,83.70588235294117,Bourbon,,,,,,,,,,,,,,,,,,,,,,,2.0,,,1.0,,,,,,3.0,,,,,,2.0,,,,,,2.0,,,,,,,,2.0,,,1.0,2.0,,,,,2.0,2.0,,4.0,,2.0,
Evan Williams Single Barrel 2002,12.25,82.75,Bourbon,,,,2.0,,,2.0,,,,,,,,,,,,,,,,,,1.0,,2.0,,,1.0,,,,,,,,,,,,,,,,2.0,,,,,,,,,,,,,,,,,2.0,,,2.0,
Evan Williams Single Barrel 2003,25.762631578947367,83.08333333333333,Bourbon,,,3.0,,,,,,,,,,,,,,1.0,,,2.0,1.0,,,,,,,,1.0,,,,,,,,,,,,,,,,,2.0,,,,,,,,,,2.0,,,,,,,2.0,,,,
Evan Williams Single Barrel 2004,24.07875,86.0,Bourbon,,,,2.0,,,,,,,2.0,,2.0,,,4.0,,4.0,,,,,,,,4.0,3.0,,3.0,,,,,,,,,,,,,,,1.0,,2.0,2.0,,,,,,,2.0,,5.0,,,,,,,2.0,2.0,2.0,3.0,
Famous Grouse,20.42,75.72727272727273,Blend,,2.0,,,2.0,,,,,,,,4.0,,,,,2.0,,,2.0,,,,,2.0,,,,,2.0,,,,,,,,,,,,,,,,,8.0,,,,,,,1.0,,,,,,,,,,,,
Finlaggan Old Reserve,20.472727272727273,84.22222222222223,Islay,,,,,,,,,,,,2.0,,,,,,,,2.0,,,,,,,,,,,,,,,,,,,,,,,,,,,,,,,,,,,,,,,,,,,,,,,
Forty Creek Barrel Select,16.585,79.0,Canada,,,,,,,,,,,,,,,,,,,,,,,,,,,,,3.0,,,,,,,,,,,,,,,,,1.0,,,,,2.0,,,,,,,,,,,8.0,2.0,,,,
Forty Creek Confederation Oak,23.783333333333335,82.0,Canada,,,,,,,,,,,,,2.0,,,,,,,,,,,,,,,,,,,1.0,,,,,,,,,,,,,,2.0,,,2.0,,,1.0,,,,4.0,,,,,1.0,,2.0,,,,
Forty Creek Copper Pot Reserve,13.39,83.33333333333333,Canada,,,,,,,,,,,,,,,4.0,2.0,,,,,,6.0,,4.0,,,2.0,,8.0,,,1.0,,,,,,,,,,,,3.0,,1.0,,,,,,,,2.0,,,2.0,,,,,4.0,,4.0,,4.0,
Four Roses /r/bourbon selection OBSF,60.0,88.71428571428571,Bourbon,,,2.0,,,,,,,,3.0,,2.0,,,,,,,,,,,2.0,,,2.0,,,1.0,1.0,1.0,,,4.0,,,2.0,,,,2.0,,,,,,,,,,,,,,,6.0,,,,1.0,3.0,,,,2.0,
Four Roses /r/bourbon selection OBSK,60.0,92.25,Bourbon,,,,2.0,,,,,,,,,,,,,2.0,,,,,,,1.0,,,1.0,,3.0,,,,,,,,,1.0,,,,4.0,,1.0,,,,,,,,,,,,1.0,,,,,,1.0,,2.0,,2.0,
Four Roses Single Barrel,29.258378378378378,88.74509803921569,Bourbon,,,,,,,,,,,,,,,,,,,,,,,,,,,,,,,,,,,2.0,,,,,,,2.0,,2.0,,1.0,,,,,,,,,,,,,,,2.0,,,,,,
Four Roses Single Barrel Private Selection OBSF,57.714285714285715,90.36363636363636,Bourbon,,,,2.0,2.0,,,,,1.0,,,,,,,,,,,1.0,,,,1.0,2.0,,1.0,,,,1.0,,,,,,,1.0,,2.0,4.0,,,,3.0,,,,,2.0,,,,,4.0,1.0,,,,1.0,,,,,2.0,
Four Roses Single Barrel Private Selection OBSK,57.5,88.375,Bourbon,,,,,2.0,,,,,,2.0,,,,,2.0,1.0,,,,,,,,,,1.0,,,,,,,,,,,4.0,,,2.0,6.0,,2.0,,2.0,,,,,2.0,,,,,3.0,1.0,,,,2.0,3.0,,,,,
Four Roses Single Barrel Private Selection OBSO,57.0,88.14285714285714,Bourbon,,,1.0,,,2.0,,,,,,,,,,,,,,,,,,,,,,,,,2.0,,,,,,,4.0,,,,8.0,,1.0,1.0,3.0,,,1.0,,,,,,,3.0,,,,7.0,,,,2.0,6.0,3.0,
Four Roses Single Barrel Private Selection OBSQ,53.25,88.11111111111111,Bourbon,,,,,,,,,,,1.0,,,,,,,,,,,,,,,4.0,2.0,,,3.0,,,2.0,,6.0,,,,,,,3.0,,,,2.0,,,2.0,,,,,,,,4.0,,,,2.0,,,,,3.0,
Four Roses Single Barrel Private Selection OBSV,39.925000000000004,88.9090909090909,Bourbon,,,5.0,,3.0,,,,,,,,,,,,,,,,,,,,,,1.0,,,,,,1.0,,,,,2.0,4.0,,,3.0,,,,2.0,,,,,,,2.0,,,8.0,,,,,1.0,,,,,7.0,
Four Roses Single Barrel Private Selection OESF,58.4,88.22222222222223,Bourbon,,,,6.0,,,,,,,,,,,,,,,,,,,,,,,,,,,,,,,,,,,,,,7.0,,2.0,,,,,,,,,,,,5.0,,,,,,4.0,,4.0,,,
Four Roses Single Barrel Private Selection OESK,54.0,88.125,Bourbon,1.0,,1.0,,,,,,1.0,,,,,,,,,,,,,,,2.0,,,6.0,,,,,,,,,,,1.0,,,,4.0,,,,2.0,,2.0,,,,,,,,3.0,,,,,,,,,,,
Four Roses Single Barrel Private Selection OESO,58.75,87.75,Bourbon,,,,,2.0,,,,,,,,1.0,,2.0,,,,,,,,,,,,,,,,,,,,,,,,,,,4.0,,,,,,,,,,,,,,2.0,2.0,,,,,2.0,2.0,,,2.0,
Four Roses Single Barrel Private Selection OESQ,64.5,89.25,Bourbon,,11.0,,,,,,,,,,,,1.0,,6.0,,,,,,,,2.0,1.0,2.0,6.0,,,,1.0,,,,4.0,,,2.0,,,,2.0,,2.0,,5.0,,,2.0,,,,,,,8.0,,,,2.0,4.0,2.0,,2.0,,3.0,
Four Roses Single Barrel Private Selection OESV,55.0,86.85714285714286,Bourbon,,,1.0,,,2.0,,,,,,,,,,,,,,,,,,,,,,,,,2.0,,,,,,,4.0,,,,8.0,,1.0,1.0,3.0,,,1.0,,,,,,,3.0,,,,7.0,,,,2.0,6.0,3.0,
Four Roses Small Batch,23.81769230769231,85.54761904761905,Bourbon,,,,,1.0,,,,,,1.0,,,,,1.0,,,,2.0,,,,,,,,,,3.0,,,,,,,,3.0,,,,1.0,,,,4.0,,,,,,3.0,3.0,,,,1.0,,,,1.0,,,,,,
Four Roses Small Batch Limited Edition 2013,77.91470588235293,93.57142857142857,Bourbon,,2.0,,,4.0,,1.0,,,,,,,,,,,4.0,,,,,,,,1.0,2.0,1.0,,,,,,,3.0,1.0,2.0,,,,,14.0,2.0,,,4.0,,,,,3.0,,1.0,,,3.0,1.0,,,,6.0,4.0,,,,,
Four Roses Small Batch Limited Edition 2014,101.0,93.0,Bourbon,,,,3.0,,,,,,2.0,1.0,,,,,6.0,,,,2.0,,,,,,,4.0,,,,,,,,,,,3.0,,,,8.0,,1.0,,2.0,,,,,2.0,,,,2.0,3.0,2.0,,,,,2.0,,2.0,2.0,4.0,
Four Roses Yellow Label,14.85,75.6,Bourbon,,,,,,,,,,,,2.0,,,,,,,,2.0,,,,,,,,,,,,,,,,,,,,,,3.0,,,,3.0,,,,,,,,,,,,,,,1.0,,,,,,
Gentleman Jack,16.556,62.42857142857143,Tennessee ,,,1.0,,,,,,,,,,,,,4.0,2.0,2.0,,2.0,,,2.0,,,,,,2.0,,,,,,,,,,,,,,2.0,7.0,,3.0,5.0,,,,,,,,,9.0,,,,,,5.0,4.0,2.0,,2.0,
George T Stagg,102.5,94.33333333333333,Bourbon,,1.0,,,,,,,1.0,,,,,,,2.0,,,,,2.0,,,,,,5.0,,,,,,,,,,,,,,,,,,,4.0,,,,,4.0,,,,,,5.0,,,,,3.0,,,,3.0,
George T Stagg 2012,73.6,95.0,Bourbon,,,2.0,,,,,,,,,,,,,,,,,,,,,,,6.0,,,,,,1.0,,,,,,,,,,,,,1.0,,,,,,,,,,,4.0,,,,,,,,,,,
George T Stagg 2013,80.0,89.53846153846153,Bourbon,,,,1.0,,,,,,,,,2.0,,,2.0,,2.0,,,,,1.0,,,3.0,3.0,,1.0,1.0,,,,,,,,,2.0,,,,,1.0,2.0,3.0,,,4.0,,4.0,,,2.0,,6.0,,,,,,,2.0,,,2.0,
George T Stagg 2014,95.0,94.44444444444444,Bourbon,,,,,,,,,,,2.0,2.0,,8.0,,,,,,,,,,,,,1.0,,,,,2.0,,,,,,,3.0,,,,2.0,,7.0,,,,,,,,,2.0,,1.0,15.0,,,,2.0,6.0,,,,8.0,
Glen Elgin 12,28.78333333333333,83.0,Speyside,1.0,,,,,,,,,,,,2.0,,,2.0,,,,,,,2.0,,,,,,,1.0,,1.0,,,,,,,1.0,,,,,,,3.0,2.0,,2.0,,,,,,,,,,,4.0,2.0,,,,,,
Glen Garioch 12,29.493333333333336,84.36363636363636,Highland ,,,,1.0,,,,,,,,2.0,2.0,,,4.0,,2.0,,,,,,,,,,1.0,,,,,,,3.0,,,,,,,,,,,1.0,,,,,,,,,,,,,,,,2.0,,,,2.0,
Glen Garioch Founder's Reserve,27.575,85.38461538461539,Highland ,,,,,,,,1.0,,,,,2.0,,,,,,,,,,,,,,,,,2.0,,,,,,,,,,,,,,,,1.0,1.0,,,,,2.0,,,,,,,,1.0,,,1.0,,2.0,2.0,
Glen Grant 10,38.92857142857143,81.1,Speyside,,,,,3.0,,,,,,,,,,,,,,,1.0,,,,,,,,,,,,,,,,,,,,,,,,,,2.0,,,,,,,,,1.0,,,,,,,2.0,,,,,
Glendronach 12,22.363999999999997,83.33333333333333,Speyside,3.0,2.0,,,3.0,1.0,2.0,,7.0,,3.0,,11.0,,,12.0,,,,3.0,,,,,2.0,2.0,8.0,,,4.0,2.0,,,,4.0,,,,2.0,,,,,1.0,,1.0,12.0,7.0,12.0,,,,4.0,2.0,,,2.0,,,,,8.0,,,2.0,,
GlenDronach 12 Original,37.748999999999995,83.24137931034483,Speyside,,,,,1.0,,,,1.0,,,,,,,,,,,,,,,,,,,,,2.0,,,,,,,,,,,,,2.0,,,1.0,,4.0,,,,,,,,2.0,,,,,4.0,4.0,,4.0,,2.0,
GlenDronach 15 Revival,55.4430303030303,87.80851063829788,Speyside,,,1.0,,,,,,,,,2.0,,,,,,,,1.0,2.0,,,,,4.0,,,,3.0,,,,2.0,,,,,,,,,,,,,,6.0,6.0,,,,,,,,,,,,,2.0,,,,1.0,
GlenDronach 18 Allardice,94.5,86.81818181818181,Speyside,,,,,2.0,,,,6.0,,,,,,,2.0,,,,1.0,,,,,,6.0,,,,,,4.0,,,,,,,,,,,,,,,,15.0,2.0,,,,,,,4.0,,,,,,,2.0,,2.0,1.0,
GlenDronach 21 Parliament,80.965,87.4375,Speyside,,,,,,2.0,,,,,,,,,,,,,,,1.0,,1.0,,,3.0,1.0,2.0,,,,,,,,,,1.0,2.0,,,,2.0,,,,,3.0,2.0,2.0,,1.0,,,,7.0,,2.0,,,,1.0,,,,5.0,
GlenDronach Cask Strength,64.58571428571429,91.5,Speyside,,,,,,,,,2.0,,,2.0,,,2.0,,,,,,3.0,,1.0,1.0,,3.0,1.0,1.0,,2.0,,,,1.0,1.0,,2.0,,,,,,,,,3.0,,5.0,,,3.0,1.0,,,,4.0,,,,,5.0,3.0,,,,2.0,
Glenfarclas 10,26.671249999999997,80.05263157894737,Speyside,4.0,1.0,,2.0,,3.0,3.0,,2.0,1.0,,3.0,4.0,,,2.0,,,,1.0,,,,1.0,,3.0,6.0,,,8.0,,,,,,,,1.0,1.0,,3.0,,2.0,2.0,,5.0,,,,,,,,,,1.0,,1.0,,,4.0,2.0,,,,,
Glenfarclas 105 Cask Strength,68.1562962962963,88.88372093023256,Speyside,,,,,,,2.0,,,,,,,,,,,,,,,,,,3.0,2.0,3.0,,,,,,,,1.0,,,,,,,,,,1.0,2.0,,6.0,,,2.0,,,,,2.0,,,,,1.0,2.0,,,,,
Glenfarclas 12,34.33756097560974,84.52380952380952,Speyside,,,,,,,,,,,,,,,,,,,,3.0,,,,,,,,,,,,,,,,,,,,,,,,,,3.0,2.0,,,,,,,,,,,,,,,,,,,,
Glenfarclas 15,59.143076923076926,85.77272727272727,Speyside,2.0,,,,2.0,,,,4.0,,,1.0,4.0,,,,,,,1.0,,,,,,,3.0,,,1.0,,,,,,,5.0,,,,,,,,,,,,,,,,,,,,,,,,,4.0,,,,,
Glenfarclas 17,83.66666666666667,87.68,Speyside,,,4.0,,,,,,,,,,,,,,,,,2.0,,,,,,6.0,,,,1.0,,,,4.0,,,,1.0,,,,,,,,,,6.0,,,,,,,,,,,,,,3.0,,,,,
Glenfarclas 21,82.86166666666666,87.14285714285714,Speyside,,,,,,,,,,,,,,,,,,,,,,,,,,,,,,,,,,,,,,,,,,,,,,,,,,,,,,,,,,,,,,,,,,,
Glenfarclas 25,126.54375,89.3,Speyside,,,,,,,,,1.0,,,1.0,,,,4.0,,,,5.0,,,,,,,,,,,,,,,2.0,,,2.0,,,,,,,,5.0,,,,,,,2.0,4.0,,5.0,,,,,,2.0,,,,1.0,
Glenfarclas 31 Port Cask,520.0,88.83333333333333,Speyside,,,,,,,,,,,,,,,,,,2.0,,,2.0,,,,1.0,,,,,,,,,,,,,,,,,,,,,,,,,,2.0,,,,,,2.0,,,,,2.0,2.0,,,,
Glenfarclas 40,407.8,95.08333333333333,Speyside,,,,,,,,,,,,,,,,2.0,,,,2.0,2.0,,,,,,,,,,,,,,,,,,,,,,,,,,,,,,,,,,,,,,,,,2.0,,2.0,,1.0,
Glenfiddich 12,33.91485294117647,77.09909909909909,Speyside,1.0,,,,2.0,,,,,,,,,,,,,,,1.0,,,,,,,,,,,,,,,,,,,,,,,1.0,,,2.0,,,,,,,,,,,,,,,,,,,,2.0,
Glenfiddich 14 Rich Oak,38.65,85.76923076923077,Speyside,,,,,4.0,,,,,,,,,,,,,2.0,,,,,,,,,,,,,,,,,,,,,,,,,1.0,,,,2.0,,,,,,,,4.0,6.0,2.0,,,,2.0,3.0,,,,,
Glenfiddich 15,44.1628125,83.5,Speyside,2.0,,,,2.0,4.0,,,,,2.0,,,2.0,,3.0,,,7.0,3.0,1.0,,,,,,,,,6.0,,1.0,,5.0,,,,,,,,,,,,2.0,,,,,,5.0,,,2.0,3.0,,,,,,,,,,2.0,
Glenfiddich 15 Distillery Edition,60.83857142857143,81.86666666666666,Speyside,2.0,,,,,,1.0,1.0,,,,1.0,,,,,,,,2.0,,,2.0,,,,,,,,,,,,,,,,,,,,,,,1.0,1.0,,,,,,,,,6.0,2.0,,,,,1.0,,,,1.0,
Glenfiddich 18,58.43449999999999,84.8,Speyside,12.0,,,,,,,2.0,,,,,,,,4.0,,,2.0,2.0,,,,,,,,,,,,,,,,,,,,,,,,,,,,2.0,,,2.0,,,,,,,,,2.0,,,,,,,
Glenfiddich 21 Gran Reserva,151.684,83.63636363636364,Speyside,,1.0,,,,,,,,,1.0,,,,,,,,,,,,,,,,,,,,,,,,,,,,,,,,,4.0,,,1.0,,2.0,,,,,,,3.0,,,,1.0,,,,6.0,,3.0,
Glenfiddich Snow Phoenix,116.63666666666667,86.16666666666667,Speyside,,,,3.0,2.0,,,,,,,,,,,2.0,,2.0,,,,,,,,,,,,,,,,,2.0,,,,,,,,,,,,1.0,,,,,,,,,,,,,,,6.0,,,,,
Glengoyne 10,27.19666666666667,71.2,Highland ,,,,,4.0,,,,,,,,,,,6.0,,,,2.0,,,2.0,,,,,,,,,,,,2.0,,,,,,,,,1.0,,,,,,,,,,,,,,,,,,6.0,,,,,
Glengoyne 12,,83.28571428571429,Highland,2.0,,,,,,,2.0,,,,,,,,,,,,,,,,,,,,,,1.0,,,,,,,,,,,,1.0,,,,,,,,,,,,,,2.0,1.0,,,,,,2.0,,,,
Glengoyne 17,55.6,81.73333333333333,Highland ,,,,,,1.0,2.0,,,,,,,,,1.0,,,,3.0,,,,,,,,,,,,,,,1.0,,,,,,,,,1.0,,,,2.0,1.0,,,,,,1.0,1.0,2.0,,,,2.0,2.0,,2.0,,1.0,
Glengoyne 21,115.0,85.16666666666667,Highland,,,,,,,,,1.0,,,,,2.0,,,,,,,,,,,,4.0,1.0,,,,,,3.0,2.0,,,,,,,,,,,4.0,,,,,,,,,,,,1.0,,,,,,,,,,
Glenkinchie 12,42.49090909090909,79.14814814814815,Lowland,2.0,,,2.0,,,2.0,,,1.0,,,,,,,2.0,,,,,,,,4.0,,,,,1.0,,,,,,,2.0,,,,,,,,,,1.0,,2.0,,,1.0,,,,,,,,2.0,,,,,,,
Glenlivet 12,31.51928571428571,76.92631578947369,Speyside,,,,,1.0,,,1.0,,,,,,,,,,,,,2.0,,,,,,,,,1.0,,,,,,,,,,,,,,,,,,,,,,,,,,,,,,,,,,,,,
Glenlivet 15 French Oak Reserve,37.703,80.9375,Speyside,11.0,,,,,,,,,,,,,,,6.0,,,,,,,,,,,3.0,,,2.0,,,,,10.0,,1.0,,,,,,,3.0,,6.0,,,,,4.0,,,2.0,,9.0,,,,,,,1.0,4.0,,,
Glenlivet 16 Nadurra,59.43529411764706,86.64912280701755,Speyside,,,,,,,1.0,,,,,,2.0,,,,,,,,,,,,,,,,,1.0,,,,,,,,,,,,,,,,1.0,,,,,,2.0,,,,2.0,,,,,,2.0,,,,,
Glenlivet 18,72.23,83.97872340425532,Speyside,2.0,,,,,,4.0,,,4.0,,,,,,,,,2.0,,,,2.0,,,,,,,,,2.0,,,,,1.0,,,,,,,,,1.0,,4.0,,1.0,,,,,,,,,,,,,,,,,
Glenlivet 21 Archive,123.9125,89.61538461538461,Speyside,,2.0,,,,,,,1.0,,1.0,,2.0,2.0,,4.0,,,,,,,,,,,2.0,,,2.0,3.0,,,,2.0,,,,,,,,,,,,,2.0,,,2.0,4.0,,,,3.0,,,,,2.0,2.0,,,,,
Glenlivet 25,299.0,90.875,Speyside,7.0,,6.0,,,,,6.0,,,,,1.0,,,4.0,,,,4.0,3.0,,2.0,,,,3.0,,,,,,,2.0,,,,,,,,,,,,,,2.0,,,2.0,,,,,,,,,,,8.0,2.0,,,,
Glenlochy 31 Signatory 1980,432.6666666666667,90.33333333333333,Highland ,,,,,,,,1.0,,,,,,1.0,2.0,,,,,1.0,,,,,,,,,,1.0,,,,,,,,,1.0,,,,,,,6.0,6.0,,,,,1.0,,,,3.0,,,,,1.0,,,,,,
Glenlossie 19 Signatory 1992,80.0,84.83333333333333,Speyside,2.0,,,1.0,,,,1.0,,,,,,,,2.0,,,,2.0,,,,,,,,,,,,,,,,,2.0,,,,,,,,,2.0,,,,,,,,,,,,,,,,2.0,,,,,
Glenmorangie 10 Original,35.02014084507043,81.36082474226804,Highland ,5.0,,1.0,,,,,2.0,,,,,2.0,2.0,,,,,,,,,,,,,,,,2.0,,,,,,,,,,,,,,,,1.0,,,,,,,,,,,,,,,,,,,,2.0,
Glenmorangie 18,91.0,87.04761904761905,Highland ,,,,,,,2.0,,,,,,2.0,,,,,,,,,,2.0,,,,,,,,,,,,2.0,,,,,,,,,,,,,,,,2.0,,,,2.0,,,,,,,,,,,,
Glenmorangie Artein,69.8825,88.25,Highland ,4.0,,,,,,,,,1.0,,,,,,,2.0,,,2.0,,,4.0,,,,,,,,,,,,,,,1.0,,,,,,,,,,,,,,,,,,,,,,,,,,,,,
Glenmorangie Astar,81.07692307692308,88.25,Highland ,,,,,,2.0,,,,,,,1.0,,,,,,,1.0,,,,,,,,,,,,,,,,,,,,,,,,4.0,,2.0,,,,,,2.0,,,,,,,,,,,,,,,
Glenmorangie Companta,112.5,86.85714285714286,Highland,,,,,,,,,,,,,2.0,,,2.0,,,,2.0,,,,,,,,2.0,,,,,,,,,,,,,,,,,,,2.0,,,,,,,,,,,,,,,,,,,,
Glenmorangie Ealanta,105.21818181818183,89.45454545454545,Highland ,,,,,,,,,,,,,,,,,,,,,,,,,,,,,,1.0,,,,,,,,,,,1.0,,,,,,,,2.0,,,,,,,5.0,,,,,,,,,,,
Glenmorangie Finealta,95.0,87.16666666666667,Highland,,,,2.0,,,,,,,,,,,,,,,,,,,,,,,,,,3.0,,,,,,,,,,,,,,,,,,,,,4.0,,,,,,,,,,,,,,,,
Glenmorangie Lasanta,43.3625,77.79545454545455,Highland ,,,,2.0,,,,,,,,,,,,,,,,,,,,,,1.0,,,,1.0,,,,,,,,,,,2.0,,,,,,,,,,,,,,,,,,,,,2.0,,,,,
Glenmorangie Nectar D'Or,56.92217391304347,83.62264150943396,Highland ,,,,,,2.0,,,,,,,,,,,,,,,,,,,,,,,,2.0,,,,,2.0,,,,,,,,,,,2.0,,1.0,,,,,,,,,,,,,,,,,,,
Glenmorangie Quinta Ruban,43.087346938775504,85.125,Highland ,,,,,,,,,,,,1.0,,,2.0,,,,,1.0,,,,,,,,,,,2.0,,2.0,,,,,,,,,,,,,3.0,,,,,,,,,,,2.0,,,,,1.0,,,,,
Glenmorangie Signet,71.05,87.13333333333334,Highland,,,,2.0,,,6.0,,,,,,,,,,,,,3.0,,,,,,7.0,,1.0,,,,,,2.0,2.0,,2.0,,,,,,,1.0,,,3.0,2.0,,,,,,,,,,,,,,1.0,,2.0,,,
Glenrothes 1998,48.2625,81.0909090909091,Speyside,,,,4.0,,,,,,,,,,,,2.0,,,,,,,,,,,,,,2.0,,,,,,,,,,,,,,,,4.0,,,,,,,,,,,,,,,,6.0,,,,,
Glenrothes Select Reserve,39.94285714285714,69.4,Speyside,1.0,,,,,5.0,,,,,,,,,,,,,,,1.0,,,,,,,,,,,,1.0,,,,,,,,,,,,,,,,,,2.0,,,,,,,,,2.0,,,,,,,
Grant's Family Reserve,15.211666666666668,68.85714285714286,Blend,,,,,,,,,,,,,,,,,,,,,,,,,,,,,,,,,,,,,,,,,,,,,,,,,,,,,,,,,,,,,,,,,,,
Green Spot,40.17,80.72727272727273,Irish,,,,2.0,,,,,,2.0,,,,,4.0,5.0,,,,,2.0,6.0,,1.0,,,,,,2.0,,,,,,,4.0,,,,,,,,,,,,,,,,,,,1.0,,,,,,3.0,,,2.0,2.0,
Hakushu 12,64.5,84.4,Japan,,1.0,,,,2.0,,,,1.0,,,4.0,,,,,,,2.0,,,,,,,,,,,,,,,1.0,,,,,,,,,,,,1.0,,,,,,2.0,,,,,2.0,,,,2.0,,,,,
Hakushu 14 SMWS 120.7,180.0,90.125,Japan,,,,,1.0,,,,,,,,,,,,,,,,,,,,1.0,,,1.0,,,2.0,,,2.0,,,,,,,,,,,,,,,2.0,,,,6.0,,,4.0,,,,1.0,,2.0,,,,1.0,
Hazelburn 8,54.544000000000004,82.0,Campbeltown,,,,1.0,,,,,1.0,,,,,,,2.0,,,,,,,,,,,1.0,,,3.0,,,,,2.0,,,,,,,,,,,3.0,,2.0,,,2.0,,,,,,,2.0,,,,,,,,,
Henry McKenna 10 Single Barrel,29.8125,83.0,Bourbon,,,,,,,,,,,,,1.0,,,,,,,2.0,,,,,,,,,,,,,,,1.0,,,,,,,,2.0,,,3.0,1.0,,2.0,,,,,,,1.0,,,,,,,,,,,
Hibiki 12,65.0,76.0909090909091,Japan,,,,,,,,,,,,2.0,,,,,,,,,,,,,,,,,,3.0,,,,,,,2.0,,,,,,,3.0,,,,,,,,,,,,,,,,,,6.0,,2.0,,1.0,
Hibiki 17,38.25,86.85714285714286,Japan,3.0,5.0,,,,,,,,,,2.0,1.0,,,1.0,,,2.0,1.0,,,,,,,,,,3.0,,,4.0,,,,2.0,,,,,,,1.0,,3.0,,,,,,4.0,,,,,1.0,,,,,,,2.0,,6.0,
High West A Midwinter Nights Dram,63.52928571428571,93.05555555555556,Rye,,,,,,,,,,,,,,,,2.0,,,,2.0,,,,,,,2.0,,,,,,,,,,,,1.0,,,,,,,,,,,,,,,,,,,,,,,6.0,,,,1.0,
High West American Prairie Reserve,32.038,84.08333333333333,Bourbon,,,,,,,,,,,,,,,4.0,,,,,,,,,,,,,,2.0,,1.0,,,,2.0,,,2.0,,,,5.0,,2.0,,,,,,,,,,,,,,,,,,3.0,,,,,
High West Bourye,41.01428571428572,88.42857142857143,American,,,,,,,,,,,,2.0,,,,,2.0,,,,,,,,,,,,,,,,,,,,,,,,2.0,,,,,3.0,2.0,,,,,,,,,,,,,,,,,,,2.0,
High West Campfire,40.905454545454546,88.46666666666667,American,2.0,,,,,,3.0,,,,2.0,2.0,,,,,,,,,,,,,1.0,,2.0,,1.0,2.0,1.0,,1.0,,2.0,,,4.0,2.0,,,,3.0,,,3.0,2.0,,2.0,,,,,,,3.0,,2.0,,,,4.0,,,2.0,3.0,
High West Double Rye,33.45666666666667,87.47619047619048,Rye,,4.0,,,,,2.0,,,,,,,,2.0,,,,,,,,,,,3.0,1.0,,,,,,,,,,,,,,2.0,,1.0,,,1.0,,,2.0,,,,,,,5.0,2.0,,,,8.0,1.0,,,,1.0,
High West Rendezvous Rye,42.02916666666666,89.13333333333334,Rye,,,,,2.0,,,3.0,,,,,,,,,,,,,,4.0,6.0,,,,3.0,2.0,1.0,,,,,,,,,3.0,,,,,,,,5.0,,,,,,,,,,1.0,,,,,2.0,2.0,,,,1.0,
High West Son of Bourye,40.666666666666664,86.0,American,,,,,,,,,,,,,,,,,,,,,,,,,,,1.0,,,,,,,,1.0,,,,,,,,1.0,,,,,,,,,,,,,1.0,,,,,,,2.0,,,,
Highland Park 10,20.26,83.57142857142857,Island ,,,,,,2.0,,,,,,,,,,,,,,5.0,,,,,,2.0,,,,3.0,,,,,,,,,,,,,,,,1.0,,,,,,,,,,1.0,,,,,,,,,,,
Highland Park 12,43.200624999999995,84.65957446808511,Island ,,,,,,,,,,,,1.0,,1.0,,,,,,,,,,,,1.0,,,,,,,,,,,,,,,,,,,,,,,,,,,,,,,,,2.0,,,4.0,,,,,
Highland Park 15,67.9,85.625,Island ,1.0,4.0,1.0,,,3.0,3.0,,1.0,1.0,1.0,2.0,,,,,,,,,,,,,1.0,,1.0,,2.0,,,1.0,,,,,,,,1.0,,,,1.0,,,1.0,4.0,,,,1.0,,1.0,,2.0,,,1.0,1.0,,1.0,,2.0,2.0,1.0,
Highland Park 15 Freya,285.0,86.57142857142857,Island,,,,,,,,,,,,1.0,,,,2.0,,,,,1.0,,,,,,,,,,,,,,,,,,,1.0,,,,,,2.0,,2.0,,,,,,,,,,,,1.0,,1.0,,,,,
Highland Park 15 Loki,257.5,88.625,Island ,9.0,,,,,3.0,,,,,,,,,,2.0,2.0,,,,,,,,,,5.0,,,,,,2.0,,2.0,,,2.0,2.0,,,,,,,1.0,12.0,,,,,4.0,,,,3.0,,,,6.0,4.0,10.0,,,5.0,3.0,
Highland Park 18,89.33461538461539,88.03448275862068,Island ,,,,,,,,,2.0,,,,,,,,,,,2.0,,,,,,,,,,3.0,,,,,2.0,,,,,,,,,,,,,,,,,,,,,2.0,,,,,,2.0,,,,,
Highland Park 25,193.9388888888889,90.66666666666667,Island ,,,,,,,,,1.0,,,,,,,4.0,,,,,,,,,,2.0,,,,,,,3.0,,,,,,,,,,,,,,,,,,,,,,,,,,,,,3.0,,,,,
Highland Park 8 MacPhailâ€™s Collection,33.0,84.42857142857143,Island,,,,,,,,,,,,,,,,,2.0,,,,,,1.0,,,,,,,,,,,,1.0,,,,,,,,,,,,,,,,1.0,,,,,,,,,,,2.0,,,,,
Highland Park Dark Origins,87.875,82.82352941176471,Island,,,2.0,,,,,,,,,1.0,,,,,,,,,,,,,,,,,,,,,,,,,,,,,,,,2.0,,1.0,,6.0,1.0,,,,,,,,,,,,,3.0,,,,,
Jura Superstition,37.690625,78.24137931034483,Island ,,,,,,,,,,,,2.0,,,,,,,,,,,,,,,,,,,,2.0,,,,,,,,2.0,,,,,,2.0,2.0,,,,,,,,,,,,,,,,,,,,
Isle of Skye 8 Ian Macleod,21.644,73.85714285714286,Blend,,,,,,,,,,,,,,,,,,,,2.0,,,,,,,,,,4.0,,,,,,,,,,2.0,,,,,,1.0,,,,,,,,,,,,,,,3.0,5.0,,,,,
J&B Rare,15.333333333333334,45.333333333333336,Blend,1.0,,,,2.0,,,,2.0,,,,,,,,2.0,,,,,,,,1.0,,1.0,,,,,,,,,,,,2.0,,2.0,,,2.0,,1.0,,,,,,,,,,,,,,,,4.0,,,,,
Jack Daniel's Old No. 7,18.630833333333335,71.5,Tennessee,,,1.0,,,,1.0,,,,,,,,,,,,,7.0,,,,,,1.0,,,4.0,,,,,,6.0,,,,,,,,,3.0,,,,,,,,,,,,,,,,,,2.0,,4.0,,3.0,
Jack Daniel's Single Barrel,36.50375,76.9090909090909,Tennessee,,,,,,,,,,,,2.0,,,,1.0,2.0,2.0,4.0,,2.0,,,,,,,,2.0,1.0,,1.0,,,,,,,,,,,1.0,1.0,,,3.0,,,,,,,,,,2.0,,,,,10.0,2.0,,,1.0,
Jameson,22.481111111111108,74.6470588235294,Irish,,2.0,,,2.0,,,,,,,,,,,4.0,,,4.0,,,,,,,,,,,3.0,,,1.0,,,,,,,,1.0,,,,,3.0,,,,,,2.0,,,,,,,,,,1.0,,,,1.0,
Jameson 12,51.333333333333336,81.66666666666667,Irish,,,,,,,,,1.0,,,,,,,,,,3.0,,3.0,,,,,,,,,,,2.0,,,,,,,,,,,,,,2.0,,,,,2.0,,,,,4.0,,,,,,,,,,2.0,
Jefferson's 10 Year Rye Whiskey,36.0,86.25,Rye,,,,,,,,,,,,,,,,,,,,,,,,,,,,,,,,,,,,,,,,,,,,,,,,,,,,,,,,,,,,,,,,,,,
Jefferson's Presidential Select 18,93.25,90.33333333333333,Bourbon,,,,,,,,,,,2.0,,,,,,,,,,,,,,,,,,,,,,,,,,,,,,,,,1.0,1.0,,,,,,,,,,,5.0,2.0,,,,,,,,,,
Jefferson's Very Small Batch,23.0,72.28571428571429,Bourbon,,,,1.0,,,,,,,,,,,,,,2.0,,2.0,,,,,,,8.0,,,,,,,,,,,,,,,,2.0,,,,4.0,,5.0,,,,,,,,4.0,,,10.0,,15.0,,,,,
Jim Beam Black 8 Double Aged,19.393846153846155,76.94117647058823,Bourbon,,,2.0,,,,,,,,,,,,,6.0,2.0,,,1.0,,,,,,1.0,2.0,,3.0,,,,,,,,,1.0,,,,,,,,2.0,,,,,1.0,,,,2.0,4.0,,,,,,,2.0,,,6.0,
Jim Beam Bonded,23.428571428571427,83.14285714285714,Bourbon,,,,,,,,,,,,2.0,,,,1.0,,4.0,,,2.0,,,,,,,,,,,,,,,,,,,,,2.0,,,,,,,,,,,,,,3.0,,,,2.0,,2.0,,,,3.0,
Jim Beam Devil's Cut,18.46,76.77777777777777,Bourbon,,,2.0,,2.0,1.0,5.0,,,,,,,2.0,,,,,,,,,,3.0,,,1.0,,,,,,,,,,,,3.0,,,,6.0,1.0,,5.0,6.0,,4.0,,,1.0,,2.0,,9.0,,,,,,4.0,,2.0,,2.0,
Jim Beam Signature Craft 12,33.07857142857143,77.57142857142857,Bourbon,,,,,,,,,,,,,,,,,,,,,2.0,,,,,,,,4.0,,,,,,,,,,,,,,1.0,,,2.0,,,,,,,,,,,,,,,,,,,,1.0,
Jim Beam Single Barrel,29.166666666666668,85.16666666666667,Bourbon,,,,,,,,,,,,,,,,,,,,,,2.0,,,,1.0,2.0,,,,,,,,,,,,,,,,2.0,2.0,,2.0,,,,,,,,,,1.0,,,,,2.0,,,2.0,,,
Jim Beam White Label,12.654,71.38095238095238,Bourbon,,,,,,,,,,,,,,,,,,,,2.0,,,,,,,,,1.0,,,,,,,,,,,,,,,1.0,,2.0,,,,,,,,,,,,,,,,,,,,3.0,
John J. Bowman,43.0,90.0,Bourbon,,,,,,,,,,,1.0,,,,,,,,,,2.0,,,,,,1.0,,,,1.0,2.0,,,,,,6.0,,,,,,1.0,,2.0,,,,,,,,2.0,,6.0,,,,2.0,2.0,3.0,3.0,2.0,4.0,6.0,
Johnnie Walker Black Label,30.553260869565218,77.82666666666667,Blend,,,,,,,,,1.0,,,,,,,,,,3.0,1.0,2.0,,,,,,,,,1.0,,,,,,,1.0,,,,,,,,2.0,,2.0,,4.0,,,,,,,,,,,,,1.0,2.0,,,2.0,
Johnnie Walker Blue Label,157.125,78.94736842105263,Blend,,,,1.0,2.0,,1.0,,,,,2.0,,,,,,,2.0,,,,,,,,,1.0,,,,,,,,,,,,,,,,1.0,,,,,1.0,,,,,,,,,1.0,,,1.0,,,2.0,,,
Johnnie Walker Double Black,33.205714285714286,78.93333333333334,Blend,,,,,,,,,,,,,,,,,,,1.0,,,,,,,,,,,3.0,,,,,,,,,,,,,,,,,,3.0,,,,,,,,,,,,,,2.0,,,1.0,,
Johnnie Walker Gold Label,73.5,80.3,Blend,,,,1.0,,,,,,,,,,,,,,,,,2.0,,,,,,,,,1.0,,,,,,,2.0,,,,,,1.0,,,,,,,,,,,,,,,,,,,,,,,,
Johnnie Walker Green Label,51.00694444444444,83.91071428571429,Blend,,,,,,2.0,1.0,,,,1.0,,2.0,,,,,,,3.0,,,,,,3.0,,2.0,,,1.0,,,,,,4.0,,,,,,,,,,,,,,,,,,,,,,,2.0,,1.0,,,2.0,,
Johnnie Walker Platinum Label,79.53333333333333,77.0,Blend,,,,2.0,,,,,1.0,,,,2.0,1.0,,31.0,,2.0,,3.0,6.0,,,,,3.0,3.0,,2.0,5.0,1.0,2.0,,,4.0,,,,,,,,,,1.0,4.0,2.0,1.0,2.0,,10.0,,,,,3.0,,4.0,,,,12.0,,,8.0,7.0,
Johnnie Walker Red Label,21.02857142857143,47.51063829787234,Blend,,,,,,,,,,,,,,,,2.0,2.0,,,,,,,,,,,,,,,,,,,,,,,,,,,,,,1.0,,,,,,,,,,,,,,,2.0,,,,,
Jura 10,35.05882352941177,72.74193548387096,Island ,,,,4.0,,,2.0,,,,,,,,,,,,,,,,,,,,,,,,,,,,,,,,,,1.0,,,,,,,,,,,,,,,4.0,,,,,2.0,1.0,,,,,
Jura 16,59.72727272727273,80.82608695652173,Island ,,,,4.0,,,2.0,,,,,,,,,,,,,,,,,,,,,,,,,,,,,,,,,,1.0,,,,,,,,,,,,,,,4.0,,,,,2.0,1.0,,,,,
Jura Prophecy,71.25,81.66666666666667,Island ,,,,,,2.0,,,,,,,,,,,,,,,,,,,,,1.0,,,1.0,,,,,,,,,,,,,,,,1.0,,,,,2.0,,,,,,,,,,2.0,2.0,,,,,
Kavalan Concertmaster,30.6,81.42857142857143,Taiwan,,,,,4.0,,,,,,,,,,,,,,,,,,,3.0,,,,,,1.0,,,,8.0,,,2.0,,,,,,,,,3.0,,,,,,2.0,,,,,,,,,,,,,,,
Kavalan Solist Ex-Bourbon,1.0,87.4,Taiwan,,,,,2.0,,,,,,,2.0,1.0,,,2.0,2.0,,,,,,,,,,,,,,,,,,,,,,,,,,,,,3.0,1.0,1.0,,,,,,,,,,,,,,,2.0,,,3.0,
Kavalan Solist Sherry,1.3,84.75,Taiwan,,,,,2.0,,,,1.0,,2.0,,4.0,,,,,,,,,,,,,,,,,,,,,1.0,,,,,,,,,,,2.0,,2.0,14.0,,,,,,,2.0,,2.0,,,,,2.0,,,,,
Kavalan Solist Vinho Barrique,1.25,88.0,Taiwan,,,,,,,2.0,,1.0,,,,2.0,,2.0,,,,,,,,,,,10.0,1.0,,,,2.0,,,2.0,4.0,2.0,,,,,2.0,,,,,6.0,,,,,,,,,2.0,4.0,6.0,,,,2.0,2.0,,,,5.0,
Kilchoman 100% Islay 3rd Edition,82.0,88.375,Islay,,,1.0,,,2.0,,,,1.0,,,,,,,,,1.0,,,,,,,,2.0,,,,,,,,2.0,,,,,,,,,,,1.0,,,,,,,,,1.0,,,,,,,,,,,1.0,
Kilchoman 5 Single Bourbon Cask,90.0,90.83333333333333,Islay,1.0,,,2.0,,2.0,,,1.0,1.0,,,,2.0,2.0,2.0,,,,1.0,,,,,2.0,,1.0,,,,,1.0,,,,,,,1.0,3.0,,,,,,3.0,,4.0,,,,,,,,5.0,2.0,4.0,,,2.0,,,,,2.0,
Kilchoman Loch Gorm,77.68625,87.07142857142857,Islay,1.0,,,2.0,,2.0,,,1.0,1.0,,,,2.0,2.0,2.0,,,,1.0,,,,,2.0,,1.0,,,,,1.0,,,,,,,1.0,3.0,,,,,,3.0,,4.0,,,,,,,,5.0,2.0,4.0,,,2.0,,,,,2.0,
Kilchoman Machir Bay,51.28153846153846,86.40425531914893,Islay,,1.0,,,,1.0,,,,,,,,,,,,,,,,,,,,1.0,,,,,,,,,,,,,,,,,,,,,,2.0,2.0,,,1.0,4.0,,,,,,,,,,,,,,
Kilchoman Port Cask Matured,68.0,90.25,Islay,,,,,,,,,,,1.0,,,,,,,,,,,,,,,,1.0,,,,,,,,,2.0,,,,,,,,,,,,,,,,,,,,,,,,1.0,,4.0,,,,,
Kilchoman Sherry Cask Release,76.0,86.33333333333333,Islay,,,,,,,,,2.0,,,,,,,,,,,2.0,,,,,,,,,,,,,,,,,,,,,,,,,,,,13.0,,,,,,,,,,,,2.0,,,,,,,
Kirkland Signature 20 Speyside Sherry Cask Finish,45.0,78.85714285714286,Speyside,,,,,,,,,,,,,,,,,2.0,,,,1.0,,,,,,,,,,,,,,,,,,,,,,,,,2.0,,4.0,,,,,,,,3.0,1.0,,,,,,1.0,,,2.0,
Knob Creek 9 Small Batch,28.42,83.3,Bourbon,,1.0,,3.0,2.0,,2.0,,,,,,,2.0,2.0,2.0,,5.0,,2.0,,,,,,,2.0,,4.0,,,,,,,1.0,,,1.0,,4.0,2.0,2.0,1.0,,3.0,,,,,,,,,3.0,9.0,5.0,,,,4.0,3.0,2.0,,,7.0,
Knob Creek Rye,28.01,81.26666666666667,Rye,,3.0,3.0,,,,,,,,,,,,,,,,,,,,,,,,,,,,,,,,,,,,,,,,,,,,,,2.0,,,,,,,5.0,,,,,,,,,,1.0,
Knob Creek Single Barrel,9.366,85.33333333333333,Bourbon,3.0,,5.0,6.0,2.0,2.0,3.0,,1.0,,2.0,10.0,7.0,,2.0,12.0,8.0,,2.0,12.0,2.0,2.0,,2.0,7.0,9.0,16.0,8.0,11.0,1.0,2.0,4.0,2.0,2.0,4.0,,,3.0,3.0,,,8.0,5.0,15.0,9.0,24.0,19.0,,6.0,,4.0,,,6.0,6.0,30.0,8.0,,,,3.0,31.0,5.0,20.0,2.0,26.0,
Knob Creek Single Barrel Reserve,34.127272727272725,84.28571428571429,Bourbon,3.0,,5.0,6.0,2.0,2.0,3.0,,1.0,,2.0,10.0,7.0,,2.0,12.0,8.0,,2.0,12.0,2.0,2.0,,2.0,7.0,9.0,16.0,8.0,11.0,1.0,2.0,4.0,2.0,2.0,4.0,,,3.0,3.0,,,8.0,5.0,15.0,9.0,24.0,19.0,,6.0,,4.0,,,6.0,6.0,30.0,8.0,,,,3.0,31.0,5.0,20.0,2.0,26.0,
Lagavulin 12,88.59862068965518,91.13333333333334,Islay,,,,2.0,,,,,,,,,,,,1.0,,,,,,,,,,,,,,,,,,,,,,,,,,,,,,1.0,,4.0,,,,,,,,,,,,,,,,,,,
Lagavulin 16,70.51085106382979,88.56818181818181,Islay,,,,1.0,,1.0,,,,,,,,,,,,,,,,,,,,,,,,,,,,,,,,,,,,,,,1.0,,,4.0,,,,,,,,,,,,2.0,,,,,,2.0,
Lagavulin 1995 Distillers Edition,101.085,88.9090909090909,Islay,,,,,,,,,,,,,,,,,,,2.0,,,,,,,2.0,,1.0,,,,,,,,,,,,,,,,,,,,2.0,,,,,,,,,,,,,,2.0,,,,,
Lagavulin 1997 Distillers Edition,114.5,90.33333333333333,Islay,,,,,,,,,3.0,,,,,,,,1.0,,,,,,,,,3.0,,,,,1.0,,,,,,1.0,,,,,,,,,,,5.0,,2.0,2.0,,,,,,,,,,,8.0,,,,,
Laphroaig 10,41.28949367088607,85.35779816513761,Islay,,,,,,,,,,,,,,,,2.0,,,,3.0,1.0,,,,,,,,,,,,,,,,,,,,2.0,,,,,,,,,1.0,,,,,,,,,1.0,,,,2.0,,,,
Laphroaig 10 Cask Strength,56.779999999999994,91.27272727272727,Islay,,,,,,,,,,,,,,,2.0,,1.0,,,,2.0,,,,,,,,,2.0,,,,,,,,,,,,,,,,7.0,1.0,,,2.0,,,,,,2.0,1.0,,,,,6.0,,,,7.0,
Laphroaig 15,77.75,89.4,Islay,,,,,2.0,9.0,2.0,,,1.0,3.0,1.0,,,,,2.0,,,1.0,,,,3.0,,,,,,,,,,,,,,,,2.0,1.0,,,4.0,,10.0,,5.0,,,,,,,,,,1.0,,,,3.0,,8.0,,,
Laphroaig 17 SMWS 29.157,100.0,85.875,Islay,,,,,,,,,2.0,1.0,2.0,,4.0,,2.0,2.0,,,,,,,,,,,,,,4.0,,,,,,2.0,,,,,,,,,1.0,,4.0,,,,,,,,2.0,2.0,,,,,,2.0,2.0,,,,
Laphroaig 18,77.50487804878048,89.91428571428571,Islay,,,,4.0,,,2.0,,,,,2.0,,,2.0,8.0,,,,,,,,,,,,,,,1.0,,,,,,,,,4.0,,,,,,9.0,,3.0,,,,,,,,1.0,,,1.0,,2.0,,,,,,
Laphroaig 25 Cask Strength 2008,350.0,92.7,Islay,1.0,,,,,,,,,,1.0,,,,,,,,,2.0,,,,,,,,,,,,1.0,,,,,,,,2.0,,,,,,2.0,,6.0,,,,,,,,,,2.0,,,,,,,,,
Laphroaig An Cuan Mor,68.5,87.14285714285714,Islay,,,,,2.0,,,,,,,,,3.0,2.0,,,,,,2.0,,,,,,,,,,,,,,,,,,,2.0,,,,2.0,,,,,,,,,,,,1.0,,1.0,,,,2.0,1.0,,,2.0,
Laphroaig Cairdeas 2011 Ileach,60.0,89.16666666666667,Islay,,,,,,2.0,2.0,,,,,,,,,2.0,,,,,3.0,,,,,,,,,,,,,,,,,,,,,,,,,2.0,,,,,,,,,,,,,,,,,,,,,
Laphroaig Cairdeas 2012 Origin,78.66666666666667,89.52380952380952,Islay,,,,,2.0,,,,,,,3.0,,,,,,,,4.0,3.0,,,,,,1.0,,,,,1.0,,,,,,3.0,,2.0,,,2.0,3.0,,1.0,1.0,2.0,,1.0,,,,,,,1.0,,2.0,,,2.0,,2.0,,,
Laphroaig Cairdeas 2013 Portwood,73.064,92.94871794871794,Islay,,,2.0,,,,,,,,,,,,,,,,,,,,,,,,,1.0,7.0,2.0,,,,4.0,,,,,,,,,,,,,,5.0,,,,,,,,,,,,,6.0,6.0,,,,2.0,
Laphroaig Cairdeas 2014 Amontillado,77.5,87.13333333333334,Islay,,,2.0,4.0,,,,,1.0,,,,,1.0,,,,,,,2.0,,7.0,,,,1.0,,,,,4.0,,,1.0,,1.0,,,11.0,4.0,,2.0,,,1.0,2.0,6.0,,,2.0,,,,,1.0,2.0,,,,,14.0,,,,3.0,
Laphroaig Cairdeas 2015,28.916666666666668,88.16666666666667,Islay,1.0,,,,,1.0,,,,,,,,1.0,,,,,,,,,,,,,,,,1.0,,,,,,,,1.0,,,1.0,,,,,,,,,1.0,2.0,,,,,,,,,,,,,,2.0,,
Laphroaig PX Cask,66.97777777777777,88.68181818181819,Islay,,,,4.0,,,2.0,,,,,2.0,,,2.0,8.0,,,,,,,,,,,,,,,1.0,,,,,,,,,4.0,,,,,,9.0,,3.0,,,,,,,,1.0,,,1.0,,2.0,,,,,,
Laphroaig Quarter Cask,46.97563829787235,89.78512396694215,Islay,,1.0,,,,,,,,,,2.0,,,,2.0,,,,,,,,2.0,,,,,,,,3.0,,,,,,,,,,,,,,1.0,,,,,,,,,,1.0,,,,,,,1.0,,,,
Laphroaig Triplewood,64.66666666666667,86.14285714285714,Islay,,,2.0,,,,,,,,2.0,,,,2.0,2.0,1.0,,,,6.0,,,,,1.0,1.0,2.0,,2.0,,,,,,,4.0,,,,,,,,1.0,2.0,4.0,4.0,,1.0,3.0,,,,,3.0,,,,,,5.0,,,,2.0,
Larceny Small Batch Bourbon,25.571428571428573,80.75,Bourbon,,,1.0,1.0,,,,,,,,,,,,,,,,,2.0,,,,,,2.0,,,,,3.0,,,,,2.0,,,,,,,,,2.0,,,,,,,,,,2.0,2.0,,,,,,,,,2.0,
Ledaig 10,46.142857142857146,80.84615384615384,Island ,,,,,,2.0,,,,,1.0,,,,2.0,,,,,2.0,,,,2.0,,,,,,,,4.0,2.0,,,,,,,,,,,,,6.0,,,,4.0,,,,,,,,,,,,2.0,,,,,
Ledaig 7 /r/Scotch Community Cask,65.0,82.61538461538461,Island ,,,,,,,,,,,,1.0,,,,,2.0,,,,,,,,,,,,,3.0,,1.0,,,,1.0,,1.0,,,,,,,,1.0,,2.0,,,,,,,,,,,,,,4.0,,,,,
Longmorn 19 Signatory 1992,80.0,84.33333333333333,Speyside,7.0,,2.0,,8.0,5.0,4.0,2.0,,,,,8.0,2.0,,12.0,,,,16.0,2.0,,,3.0,,,,,,,,,,,1.0,,,,,2.0,,,,3.0,3.0,13.0,21.0,5.0,1.0,,,,,,1.0,,7.0,,,2.0,8.0,9.0,,,,7.0,
Longrow 11 Red Cabernet Sauvignon Cask,0.7,90.16666666666667,Campbeltown,,,,,,,,,,,,,1.0,1.0,2.0,1.0,2.0,,,,,,2.0,,1.0,,,,2.0,,1.0,,,,,,,2.0,1.0,,,,,1.0,,,,,,1.0,,,,,,2.0,1.0,,,,2.0,2.0,,2.0,2.0,2.0,
Longrow CV,52.81428571428571,85.7,Campbeltown,,1.0,,,,2.0,25.0,1.0,,,,2.0,,2.0,,2.0,,,,1.0,,,,4.0,,2.0,1.0,2.0,,,,1.0,,1.0,5.0,,,2.0,1.0,,,,2.0,1.0,,1.0,,5.0,,,,2.0,2.0,,,,,,,,2.0,10.0,,2.0,,3.0,
Longrow Peated,42.25,82.78571428571429,Campbeltown,,,,,,2.0,,,,1.0,2.0,,,,,,,,2.0,,,,,,,,,,,1.0,,2.0,,,,,,,,,,,,,,,,,,4.0,,,,,,,2.0,2.0,,,,,,,,,
Longrow Red 11 Fresh Port Cask,74.0,90.28571428571429,Campbeltown,,,2.0,,,,,,,,,,,,,,,,,,,,,,,,,1.0,7.0,2.0,,,,4.0,,,,,,,,,,,,,,5.0,,,,,,,,,,,,,6.0,6.0,,,,2.0,
Lot No. 40,19.240000000000002,87.41666666666667,Canada,,,2.0,1.0,,,5.0,,,,,,3.0,1.0,,6.0,,,,,,,,3.0,1.0,,1.0,,,,1.0,,1.0,,,3.0,,,,,,,,1.0,1.0,4.0,4.0,,2.0,1.0,,,,,,4.0,,,,2.0,,6.0,,,,2.0,
Macallan 10 Fine Oak,40.23863636363637,81.54838709677419,Speyside,,,,,,,,,,,,,,,,,,,2.0,2.0,2.0,,,,,,,,,2.0,,,,,,,,,,,4.0,,,2.0,,2.0,,,,,,,,,,3.0,,,,,,11.0,,2.0,,,
Macallan 12 Fine Oak,64.66666666666667,76.5,Speyside,,,,,3.0,,,1.0,,,,,1.0,,,2.0,,,,,,,,,,,,,,,,,,,4.0,,,,,,,,,,,3.0,,4.0,,,,,,,,6.0,,,,,,3.0,1.0,,,,
Macallan 12 Sherry,50.48083333333333,82.64556962025317,Speyside,,,,,,,,,,,,,,,,,,2.0,2.0,2.0,,,,,,,,,,4.0,,,,,,,,,,,,,2.0,,,,2.0,,,,,,,,,1.0,,,,,,2.0,,,,1.0,
Macallan 15 Fine Oak,73.39428571428572,87.17647058823529,Speyside,,,,,2.0,,1.0,,,,,,,,,,,,,,,,,,,2.0,2.0,,,2.0,,,,,,,,,1.0,,,,,,,,,,,,,,,,,1.0,,,,,1.0,2.0,,,,2.0,
Macallan 18 Sherry,158.365,90.0,Speyside,,,,,,,,,,,,,,,,,2.0,,,2.0,,,,,,,,,,2.0,,,,,,,,,,,,,,,,1.0,,2.0,,,,,,,,,,,,,1.0,6.0,,,,1.0,
Macallan 25 Sherry,597.5,89.54545454545455,Speyside,2.0,,4.0,,,,,,,,4.0,,,,,,,,,,,,,,,3.0,2.0,,,2.0,,,2.0,,,2.0,,,,,,,,1.0,,,,4.0,,,,,,2.0,,1.0,2.0,,,,,,,2.0,,,
Macallan Amber,50.5,74.77777777777777,Speyside,,,,2.0,,,,,2.0,,,,,,,,,,,,,,,,,,1.0,,,1.0,,2.0,,,1.0,,,1.0,,,,,,,,2.0,,2.0,,,,1.0,,,,1.0,,,,,,,1.0,,,1.0,
Macallan Gold,41.9125,70.71428571428571,Speyside,,,,,,,,,,,,,,,,4.0,1.0,,,2.0,,,,,,,1.0,,,,,,,,,,,,,,,,,,,2.0,,,,,,,,,,,,,,,,,,,,1.0,
Macallan Rare Cask,265.0,71.16666666666667,Speyside,,,,,,,4.0,,,1.0,,,,,,,,,,,,,,,,1.0,,,,,,1.0,,,,1.0,,,,,1.0,,,,,,,2.0,,,,,,,,,,2.0,,,,,,,,,
Macallan Select Oak,48.51428571428572,80.77777777777777,Speyside,1.0,,,,,1.0,,1.0,,,,,,2.0,,1.0,,,,,1.0,,,,,,,,,,,,,,1.0,,,,,,,,,,,,,8.0,,,,2.0,,,,12.0,,,,2.0,,6.0,,,,,
Macallan Sherry Cask Strength,65.08851063829788,91.39682539682539,Speyside,2.0,2.0,,,,,,,1.0,,,2.0,3.0,,,,,,,2.0,3.0,,2.0,,,5.0,,,,,,2.0,,,,,,,,,,,2.0,,1.0,,,4.0,,,,,,,,1.0,3.0,,,,,4.0,,,,2.0,
Macallan Sienna,30.875,82.28571428571429,Speyside,,,,,,,,,,,,1.0,,,,1.0,,,,,,,,,,,1.0,,,,,6.0,2.0,,,,,,,,,,,,,1.0,,2.0,,,,,,,,,,,,,,,,,,,
Mackinlay's Shackleton Rare Old Highland Malt Whisky,113.60000000000001,84.66666666666667,Blend,,,,2.0,2.0,1.0,,,,,2.0,2.0,,,,,,,,7.0,3.0,,,,,,,,,,,,,,,,,,,,,,,,,2.0,,,,,,,,,,2.0,,,,,,,,,,,
Mackmyra First Edition,14.25,83.33333333333333,Sweden,,,,2.0,,9.0,4.0,1.0,,,,,,,,5.0,,,,,,,1.0,,3.0,,,,,,,,,,,,,1.0,1.0,,,,,,,1.0,1.0,4.0,,,2.0,,2.0,,,5.0,2.0,,,,1.0,2.0,,,,1.0,
Maker's Mark,21.428823529411765,80.07142857142857,Bourbon,2.0,,,,,,,,,,,,,,,2.0,,,,2.0,,,,,,,2.0,,,1.0,,,,,,,,,,,,,,,,4.0,2.0,,2.0,,,,,,,,,,,2.0,,,2.0,,,4.0,
Maker's Mark 46,27.992142857142856,84.85,Bourbon,,,,,,,,,,,,,,,,,,,,,,,,,,,,,,,,,,,,,,,,,,,,,,,,,,,,,,,,,,,,,,,,,,,
Maker's Mark Cask Strength,38.634375,87.30434782608695,Bourbon,,7.0,,,8.0,,,,,,,,,,1.0,,,,,4.0,4.0,,,,,,,,,,,,,,1.0,,,,,,,,,1.0,,3.0,,,4.0,,,,,4.0,,12.0,3.0,,,,9.0,8.0,,,,5.0,
McClelland Highland,17.669999999999998,61.5,Highland ,2.0,2.0,,4.0,,3.0,,,,,2.0,2.0,,,,2.0,,,,,1.0,,,,,,1.0,,,2.0,1.0,,,,,,,1.0,,,,1.0,1.0,2.0,,4.0,,1.0,2.0,,,1.0,,,,1.0,,,,,,1.0,,2.0,,1.0,
McClelland Islay,19.753333333333334,63.333333333333336,Islay,,,,,,,,,,,,,,,,,,,,,,,,,,,,,,,,,,,,,,,,1.0,,,,,,1.0,,,,,,,,,,,,,,,,3.0,,,,,
Monkey Shoulder,33.0676,76.45161290322581,Blend,2.0,,,6.0,,2.0,,1.0,,,,,,,,1.0,,,,,,,,,,,,,,,,,,,1.0,,,,,,,,,,,8.0,,,,,,,,,,2.0,,,,,,,,,,,
Mortlach 15 Gordon & MacPhail,32.875,76.0,Speyside,,,,,,,,,,,,,,,,,,,,,,,,,,,,,,3.0,,,,,,,,,,,,,,,,,,6.0,,,,,,,,,,,,2.0,,,,,,1.0,
Mortlach 16 Flora & Fauna,93.33333333333333,86.16666666666667,Speyside,,,2.0,5.0,,7.0,2.0,1.0,,1.0,,,5.0,,,,,,,13.0,2.0,,,,,1.0,1.0,,,1.0,,1.0,,,3.0,,2.0,,,,,,,,,4.0,2.0,2.0,2.0,,,1.0,,,7.0,,,,,,,10.0,,,1.0,7.0,
Nikka Coffey Grain,60.0,80.28571428571429,Japan,,,,,,,,2.0,,,,,,,,8.0,,2.0,,,,,,,,,1.0,,,,,,,,,,,,,,,,,,,6.0,,,1.0,,,,,,,3.0,,,,,,,,,,,
Nikka From The Barrel,39.0,84.0,Japan,,3.0,,3.0,2.0,3.0,6.0,,,2.0,4.0,3.0,9.0,5.0,,14.0,,,,,,,,2.0,3.0,,,,,2.0,,8.0,,,,,,,,,,,,,2.0,3.0,,5.0,4.0,,,,1.0,,,9.0,,5.0,,,,4.0,,,2.0,5.0,
Nikka Yoichi 10,0.27,82.875,Japan,,,,2.0,,2.0,,,,2.0,,,,,,4.0,,,,2.0,,,,1.0,,,,,,3.0,,2.0,,,,,,,,,4.0,,,,1.0,,,,,,,,,2.0,,,,2.0,,,,9.0,,,,,
Noah's Mill,46.714285714285715,86.41666666666667,Bourbon,,,,3.0,,,,,,,,5.0,3.0,,,7.0,,,,,,,,,,,7.0,,,,,1.0,,,,,,2.0,,,4.0,,1.0,3.0,,6.0,,,,,,,,,9.0,10.0,,,,,7.0,2.0,2.0,6.0,,,
Oban 14,55.538484848484856,82.82608695652173,Highland ,,,,,,,2.0,,,,,,,,,2.0,,,,,,,,,,,1.0,,,,,,,,,,,,,,,,,,,,,,,,,,,,,,,,,,3.0,,,,,,
Oban 18,85.0,89.0,Highland ,,,,,1.0,,6.0,,,2.0,,2.0,,3.0,,6.0,,,,1.0,,,,,,,,,,2.0,,,,3.0,,,,,,,,,,2.0,,1.0,,,,,1.0,2.0,,,,,,4.0,,,,2.0,,,,,
Old Crow Reserve,11.75,70.2,Bourbon,,,,,,,2.0,,,,,,,,,,,,,20.0,,,,,,,4.0,,,,,,,,,,,,,,,,,,,,3.0,,,,,,,,,2.0,,,,2.0,,,,,,,
Old Ezra 101,16.0,86.0,Bourbon,,2.0,,2.0,,,,,,1.0,,1.0,,,,4.0,,,,5.0,,,,2.0,,,10.0,,3.0,,,2.0,,,,,,,,,,,,,,1.0,,,2.0,,,,,,,6.0,,,,,,,6.0,,,6.0,
Old Forester Birthday Bourbon 2013,50.833333333333336,91.0,Bourbon,2.0,1.0,,1.0,2.0,,3.0,,,,2.0,,,,4.0,1.0,,,,6.0,,,,2.0,,4.0,3.0,,,,,,,,,,,2.0,1.0,,,2.0,2.0,,,5.0,2.0,,,,,,,2.0,,5.0,,,,,,2.0,,,2.0,3.0,
Old Forester Birthday Bourbon 2014,50.2,86.0,Bourbon,,,,,,,,,,,,,,,,,,,,,,,,,,2.0,,,,,,1.0,,,,,,,,,,,,,,5.0,,,,,,,,,,,,,,,,3.0,,,,,
Old Forester Signature,23.333333333333332,83.3076923076923,Bourbon,,6.0,,,,,,,,,,,,,,,,,2.0,2.0,2.0,,,,,,2.0,,,,,,,,,,2.0,,,,,,,,,5.0,,,,,,,,2.0,,,,,,,,2.0,,1.0,,,
Old Grand Dad 100 Bottled in Bond,19.72,84.3103448275862,Bourbon,8.0,,,,,,,,,,,2.0,,,,,,,2.0,5.0,,,,,,,,,,,,,,,,,,,,,,2.0,,,,,,,,,,,,6.0,,1.0,2.0,,,10.0,,,,,,,
Old Grand Dad 114,21.853846153846156,87.0625,Bourbon,,,,1.0,,,,,,,,,,,,,,,,1.0,,,,,,,1.0,,,,,,1.0,,,,,1.0,,,,,,,,2.0,,,,,,,,,1.0,2.0,,,,,,,,,,2.0,
Old Grand Dad 86,12.0,77.14285714285714,Bourbon,,,,,,,,,,,,,,,,,,,,,,,,,,,,,,,,,,,,,,,,,,,,,,,,,,,,,,,,,,,,,,,,,,,
Old Pulteney 12,33.135000000000005,82.59649122807018,Highland ,,1.0,,,,2.0,4.0,,,,,3.0,4.0,,,10.0,,,2.0,14.0,,,,,,3.0,1.0,,,5.0,,5.0,,1.0,3.0,,,,,,,,,,2.0,4.0,10.0,2.0,4.0,1.0,,,,,,,8.0,2.0,,,,1.0,,,,1.0,
Old Pulteney 17,108.25142857142858,86.33333333333333,Highland,,,,4.0,,4.0,,,,1.0,,,,,,,,,,6.0,,,,,,,,,,,,,,,,,,,,,,,,,,4.0,,,,1.0,,,,,,,,,,,,,,,,,
Old Pulteney 1990 â€“ Single Cask Bottling for The Official Line,,89.4,Highland ,,,,,,,,,,,2.0,,,,,2.0,,,,8.0,,,,,,,,,,,,,,,,,3.0,,,,,,,2.0,,,2.0,4.0,,,,,,,,5.0,2.0,3.0,,,1.0,3.0,,2.0,,,
Old Pulteney 21,74.7625,89.8125,Highland ,,,,,,,,,,,,,,,,,,,,4.0,,,,,,1.0,,,,,,,,1.0,,,,,,,,,,,,,2.0,,2.0,,,,,,,1.0,1.0,,,,,,1.0,,,1.0,
Old Rip Van Winkle 10 Year,51.91153846153846,90.6,Bourbon,,,1.0,,,,3.0,,,,4.0,,,,,,,,,1.0,,,,,2.0,1.0,4.0,,,,,1.0,,,,,,1.0,,,,,,2.0,1.0,4.0,,,3.0,,,,2.0,,,4.0,,,,,,2.0,,4.0,,1.0,
Old Weller Antique 107,24.176379310344828,87.1774193548387,Bourbon,,,,,,,,,,,,,,,,,,,,,,,,,,,,,,,,,,,,,,,,,,,,,,,,,,,,,,,,,,,,,,,,,,,
Orphan Barrel Barterhouse 20,77.58333333333333,84.35714285714286,Bourbon,,,,1.0,,,2.0,,,,,2.0,,,,,,,,1.0,,,,1.0,,2.0,,,,,,,,,,,,,,,,,,,,2.0,,,,,,,,,,2.0,,,,,,,,,,,
Orphan Barrel Old Blowhard 26,172.0,83.77777777777777,Bourbon,,,,,,,,,,,2.0,,,,,,,,,7.0,,,,,,1.0,,,,,,,,,,,,,,,,,,,,1.0,,,,,2.0,,,,,3.0,2.0,,,,2.0,1.0,1.0,,,1.0,
Overeem Port Cask Cask Strength,150.0,85.66666666666667,Australia,,,,,,,1.0,,1.0,,,,,,,,,,,4.0,,,,,,,,,,1.0,,,,,4.0,,,,,,,,1.0,1.0,,,5.0,,,,,2.0,,,,4.0,,2.0,,,1.0,,,2.0,,2.0,
Pappy Van Winkle Family Reserve Bourbon 15,143.16666666666666,93.4375,Bourbon,,,1.0,,,,3.0,,,,4.0,,,,,,,,,1.0,,,,,2.0,1.0,4.0,,,,,1.0,,,,,,1.0,,,,,,2.0,1.0,4.0,,,3.0,,,,2.0,,,4.0,,,,,,2.0,,4.0,,1.0,
Pappy Van Winkle Family Reserve Bourbon 20,357.25,92.4,Bourbon,,,3.0,,,,,,,,,,,,,,,,,2.0,,,,,,2.0,2.0,,,,,,,,,,,,,,,,,,,6.0,3.0,,,,,,,,,2.0,,,,,,3.0,,,,6.0,
Parker's Heritage Collection Blend of Mashbills,68.15,91.16666666666667,Bourbon,,,2.0,2.0,4.0,,,,,,,,2.0,,,,2.0,,,,,,,,1.0,2.0,1.0,2.0,,,,1.0,,,,,,,,,,,,,,4.0,,,2.0,,2.0,,,,1.0,5.0,2.0,,,,1.0,6.0,2.0,,,6.0,
Parker's Heritage Collection Cognac Finished,90.0,92.66666666666667,Bourbon,,2.0,,,,,,,,,2.0,,,,,,,,,,2.0,,,,,,2.0,,,,,1.0,,2.0,,,,,,,,,1.0,2.0,,2.0,,,,,,,,,,4.0,,,,,,,,,1.0,,
Parker's Heritage Collection Promise of Hope,95.0,89.5,Bourbon,5.0,,2.0,,1.0,,,1.0,,,2.0,2.0,,,,,,,,2.0,,,,,,,1.0,2.0,1.0,2.0,,,,,,,,,2.0,,,,,2.0,,,2.0,,,,,,,,,,2.0,,,,,,,4.0,,3.0,
Parker's Heritage Collection Wheat Whiskey,87.87444444444445,89.81818181818181,Wheat,,,,,,,,,,,,2.0,,,,4.0,,,,,,1.0,,,,,5.0,,1.0,4.0,,,,,,,,,,,,,,,,,2.0,,,,,,,,,1.0,,,,,2.0,2.0,2.0,,,,
Pig's Nose,26.335,77.6,Blend,,,,,,,,,,,,,,,,,,,,,,,,,,,,,,,,,,,,,,,,,,,,,,,,,,,,,,,2.0,,,,,,,1.0,,,,2.0,
Pike Creek 10,13.596666666666666,83.0,Canada,,,1.0,,2.0,,,,,,,,,,,,,,,,,,,,,2.0,,,,,,,,,,,,,,,,,,,,,,,,,,,,,,,,,,,,2.0,,,,,
Port Ellen 32 12th Release,700.0,89.81818181818181,Islay,1.0,,,,,2.0,,,,,,,3.0,,,2.0,,,,3.0,,2.0,4.0,,,,,,,,,,,,,,,,,,,,,,,2.0,,,,,,,,,,5.0,,1.0,,,,2.0,,,,,
Redbreast 12,34.59777777777778,84.8,Irish,,2.0,,,,,,,,,,2.0,6.0,,,,,,,,,,,,,,2.0,,,,,,,,,,,,1.0,,,,,,,1.0,,2.0,,,,,,,,,,,,,,,,,,,
Redbreast 12 Cask Strength B1/11,93.0,89.0,Irish,,,,,,2.0,,,,1.0,,,,,,2.0,,,,,2.0,,,,,,,,,2.0,,,,,2.0,,,,,,,,,,,,,2.0,,,,,,,,,2.0,,,,,3.0,,,,,
Redbreast 15,79.5,86.77777777777777,Irish,7.0,1.0,,,,2.0,,,,,,,,,,,,,,1.0,,,,,,,1.0,,,2.0,,,1.0,,,,,,1.0,,,,3.0,,,,,2.0,,,,,,,,,3.0,,,,,,,,,1.0,
Rittenhouse Rye 100,21.654516129032256,85.65,Rye,,,,,,,,,,,2.0,,1.0,,,,,,,,,1.0,,,,2.0,,,,,,,,,6.0,,,,,,1.0,1.0,,1.0,,1.0,8.0,,12.0,,2.0,,,,,,,,,,3.0,11.0,2.0,,,,
Rock Hill Farms Single Barrel Bourbon,61.285714285714285,85.75,Bourbon,1.0,,,2.0,,,,,,,,,,,2.0,2.0,,,,,,,,1.0,,,2.0,,1.0,,,,,,,,,,,,,,1.0,3.0,,4.0,,,,,,,,,,1.0,,,,,2.0,3.0,1.0,6.0,2.0,1.0,
Rowan's Creek,37.8,82.42857142857143,Bourbon,,,1.0,,,,,,,,1.0,,,,,,,,,,,,,,,,4.0,,1.0,,,,,,,,,2.0,,,,,,,,1.0,,,,,,,4.0,2.0,,,1.0,,,,,,,,,3.0,
Royal Lochnagar 12,43.5,78.66666666666667,Highland,2.0,,,1.0,,,,2.0,2.0,,,,,,,4.0,2.0,,,12.0,,,,,,,,,,2.0,,,,,6.0,,,,,,,,,,,8.0,,2.0,3.0,,,,,,,4.0,,,,,,2.0,,,10.0,1.0,
Russell's Reserve 10,28.93375,83.53846153846153,Bourbon,,,,,,,,,,,,,,,2.0,,,,,,,,,,,,,,,,,,,,,,,1.0,,,,,,,,8.0,,,,,,,,2.0,,6.0,1.0,,,,,7.0,,,,2.0,
Russell's Reserve Single Barrel,52.07142857142857,86.73333333333333,Bourbon,,,,,2.0,,,,,,,,,,,,,,,,,,,,,,2.0,,,,,1.0,,,,,,,,,,,2.0,,,6.0,,,,,,,,,,5.0,,,,,2.0,2.0,,,,6.0,
Sazerac 18,61.666666666666664,91.57142857142857,Rye,,,1.0,,,,1.0,,,,,,,,,4.0,,,,,1.0,,,1.0,,,11.0,,,1.0,,,,,,,,,,,,,6.0,2.0,,7.0,2.0,,,,,,,2.0,,3.0,,,,,,5.0,9.0,2.0,,2.0,
Sazerac Rye,27.643478260869564,83.78571428571429,Rye,,,,,,,,,,,,,,,2.0,,,,,,,,,,,,,,,,,,,,,,,,,,,,,1.0,,4.0,,,,,,,,,,,,,,,2.0,,,,,1.0,
Scapa 16,68.83636363636364,81.6,Island ,,,,,1.0,,,,,,,,,,,,,,2.0,,,,,,,,,,,,,,,,2.0,,,,,,,,,,,,,2.0,,,2.0,,,,,,,,,,,2.0,,,,,
Seagram's Seven Crown,16.0,58.0,American,1.0,,,,,,,,,,,,,,,,,2.0,,,,,,,2.0,,,,,,,,,,,,,,,,,,2.0,1.0,,4.0,2.0,,,,,,,,,4.0,,,,,,3.0,,,,,
Sheep Dip,38.75,81.77777777777777,Blend,,,,,,,,,,,,,3.0,,,,,,2.0,,,1.0,,,,,1.0,,,2.0,,,,,2.0,,,,,,,,,1.0,,,4.0,4.0,2.0,1.0,,,,,,,,,,,,,,,,,
Singleton of Glendullan 12,26.375,77.33333333333333,Speyside,2.0,,,3.0,,,2.0,,,1.0,,,2.0,1.0,,,,,,4.0,,2.0,,,,,,,,,,,,,,,,1.0,,,,,,1.0,,,1.0,,8.0,,,1.0,,,,3.0,,,,,,,2.0,2.0,,1.0,
Smokehead,0.54,77.0,Islay,,,,,,,,,,,,1.0,,2.0,,,,,,2.0,,,,,,,,,,,,,,,,,,,,,,,,,,,,,2.0,,,,,,,,,,,,,,,,,,
Smooth Ambler Old Scout Bourbon 7 Year,35.166666666666664,83.75,Bourbon,3.0,,,,1.0,,2.0,,,1.0,,,,,,,,,,2.0,1.0,,,1.0,,,1.0,,,,,,,,,,,,1.0,,,,,,1.0,,,,2.0,,,,,,,3.0,,,,,4.0,3.0,,,,3.0,
Smooth Ambler Old Scout Rye 7 Year,36.778571428571425,87.2,Rye,,,,,,,,,,,,3.0,,,,,,,,2.0,2.0,,,,,,,,,,,,,,,,,,1.0,,,,,,,2.0,2.0,,,,,,2.0,2.0,,1.0,,,,,2.0,,,,,,
Speyburn 10,24.221999999999998,79.55,Speyside,,,,2.0,,,,,,,,2.0,,,,6.0,2.0,,,3.0,,,,,,,,,,2.0,,,,,,,,,,,,,,,,1.0,,,,,,,,,,1.0,,,,,2.0,2.0,,,,,
Speyburn Bradan Orach,16.208333333333332,58.666666666666664,Speyside,,,,,,2.0,,,,1.0,,2.0,2.0,,,,,,,3.0,,,,,,,,,,1.0,,,,,2.0,,,,,,,,,,,,,,,,,,,,,,,1.0,,,,,,,,,
Springbank 10,52.97280000000001,84.71111111111111,Campbeltown,,,,4.0,,,,,,,,,,,,3.0,,,,,,,,,,,,,,4.0,,,,,,,,,,1.0,,,,,,,,,,,,,,,,,,,2.0,,,3.0,,,,,
Springbank 10 100 Proof,68.0,92.0,Campbeltown,,,,,,2.0,2.0,,,1.0,,,,,,2.0,,,,6.0,2.0,,,,,,,,,1.0,,,,,1.0,,,,,,,,,,,1.0,,,,,,,,,1.0,,,,,,,2.0,,,,,
Springbank 12 Calvados Wood,137.5,89.71428571428571,Campbeltown,2.0,,,1.0,2.0,,,,,,,,,,,2.0,,,,,,,,,,,,,,,,,,,,,,,,,2.0,,,,,1.0,1.0,,,,,1.0,,,,2.0,2.0,,,3.0,,4.0,,,,,
Springbank 12 Cask Strength,75.77777777777777,88.57142857142857,Campbeltown,5.0,3.0,,3.0,3.0,12.0,4.0,1.0,,,,2.0,,,,14.0,,,,8.0,,3.0,,,,,1.0,,,1.0,,1.0,,,,,5.0,,,,,,,,,3.0,2.0,1.0,,,,1.0,3.0,,1.0,10.0,,2.0,,11.0,7.0,4.0,,,5.0,,
Springbank 15,72.265,86.43333333333334,Campbeltown,,,,,2.0,2.0,,,,1.0,,,4.0,,,,,,,,,,,1.0,,,,,,,,,,,,,,,,,,,,1.0,,,5.0,2.0,,,,,,,,,,,,,1.0,,,2.0,,2.0,
Springbank 18,150.0,87.81818181818181,Campbeltown,,,,3.0,,,,,,,2.0,,,,,,2.0,,,,,2.0,,,3.0,4.0,,1.0,,4.0,,8.0,,,,2.0,,,,,3.0,,,2.0,,,,1.0,,1.0,,1.0,,,,,6.0,1.0,,,1.0,6.0,2.0,,,,
Springbank 21,450.0,91.875,Campbeltown,,,2.0,,2.0,,,,2.0,,,,,,,2.0,,,,2.0,,,,,,2.0,,,,2.0,,,,,,,,,,,,,,,,,,,,,,,,,,,,,,,,,2.0,,,,
Springbank CV,39.0,83.0,Campbeltown,,,,,,,,,,,,,,,,1.0,,,,,,,,,,,,,,,,,,,,,,,,,,,,3.0,,,,3.0,,1.0,,,2.0,,,,,,,,,,,4.0,,,
Stagg Jr,46.970454545454544,87.0,Bourbon,,,2.0,,,,,,,,,1.0,,,,,,,,,,,2.0,,,2.0,4.0,,1.0,,,,,,,,,,,,,,,1.0,2.0,1.0,,,4.0,,,,2.0,,,3.0,,,,,,2.0,,2.0,,1.0,
Stalk & Barrel Single Malt,0.8966666666666666,80.0,Canada,,,,,2.0,,,,,,,,5.0,,,2.0,,,,2.0,1.0,1.0,,,,,2.0,,1.0,,,,,,,,,,1.0,,,,,,,,2.0,,,,,,,2.0,,5.0,,,,,2.0,,,,,2.0,
Talisker 10,51.430789473684214,86.67256637168141,Island ,,3.0,,1.0,,,,,,,,,,,,,2.0,2.0,,,,,,,,,,,,,,,,,,,,,,,,,,,,,,,,5.0,,,,,,,,1.0,,,,2.0,,,,,
Talisker 18,88.72727272727273,88.6,Island ,,,,,,,,,,,,,1.0,,,2.0,,,,,,,,,,,,,,2.0,,1.0,,,,,,,,,,,1.0,1.0,,2.0,,,,3.0,,,,,,2.0,,,,,,2.0,,2.0,,,
Talisker 25,106.12571428571428,91.0,Island ,,3.0,,,,,,,,,,2.0,12.0,,,4.0,,,,2.0,,,,,,,,,,1.0,,1.0,,,,,,,,,,,,,,4.0,8.0,2.0,,1.0,,,,,1.0,,2.0,,,,,4.0,,,,,
Talisker 30,187.875,88.16666666666667,Island,7.0,2.0,,5.0,11.0,12.0,5.0,2.0,,,,10.0,,6.0,,2.0,,,,10.0,,,,,2.0,6.0,3.0,,,1.0,,9.0,,1.0,,,,,3.0,2.0,,,6.0,,1.0,8.0,17.0,3.0,,7.0,8.0,11.0,,,,11.0,1.0,6.0,,2.0,6.0,2.0,,,7.0,,
Talisker 57Â° North,65.77857142857142,87.4074074074074,Island ,,,,1.0,,1.0,,,,,,,5.0,,,3.0,,,,,,,,,,,,,,1.0,,,,,1.0,,6.0,,,,,,,,,,4.0,4.0,2.0,1.0,,,1.0,,1.0,3.0,,1.0,,2.0,,2.0,,,,,
Talisker Distiller's Edition,76.0,88.41666666666667,Island ,,,,2.0,,,,,,,,,,,,8.0,,,,3.0,,,,,,,,,,1.0,,,,,2.0,,1.0,2.0,,,2.0,,,,,,,,,3.0,,,5.0,,,,,,,,3.0,7.0,,,,,
Talisker Distiller's Edition 2000,77.5,87.25,Island ,,,,,,1.0,2.0,,,1.0,,,,,,3.0,,,2.0,,2.0,,,,,,2.0,,,1.0,,2.0,,1.0,3.0,,,,2.0,,,,2.0,,1.0,5.0,,4.0,,3.0,,1.0,,,,3.0,2.0,,,,,,,,,3.0,
Talisker Distiller's Edition 2012,77.42857142857143,89.4,Island ,,,,,,,2.0,,,1.0,2.0,2.0,,,,,,,1.0,,,,,,,,,,,,,,,,,,,,,,,,,2.0,,,,,,,,,,,,,,,,,,1.0,,2.0,,,
Talisker Distiller's Edition 2013,36.2375,89.14285714285714,Island,,,,1.0,,1.0,,,,,,,5.0,,,3.0,,,,,,,,,,,,,,1.0,,,,,1.0,,6.0,,,,,,,,,,4.0,4.0,2.0,1.0,,,1.0,,1.0,3.0,,1.0,,2.0,,2.0,,,,,
Talisker Port Ruighe,44.93333333333334,85.44444444444444,Island ,,,,1.0,,1.0,,,,,,,5.0,,,3.0,,,,,,,,,,,,,,1.0,,,,,1.0,,6.0,,,,,,,,,,4.0,4.0,2.0,1.0,,,1.0,,1.0,3.0,,1.0,,2.0,,2.0,,,,,
Talisker Storm,45.125,83.5,Island,,,,2.0,,,,,,,,,,,,8.0,,,,3.0,,,,,,,,,,1.0,,,,,2.0,,1.0,2.0,,,2.0,,,,,,,,,3.0,,,5.0,,,,,,,,3.0,7.0,,,,,
Tamdhu 8 Signatory 2005,59.285714285714285,90.9,Speyside,,,,,,2.0,2.0,3.0,,,,1.0,2.0,,,2.0,,,,,,,,,1.0,2.0,,,,,1.0,,,,3.0,,,,1.0,,,2.0,,,,,,,,,,2.0,,,,2.0,1.0,,,,,,,,,2.0,
TÃ© Bheag,10.913333333333334,82.9,Blend,,2.0,,,3.0,,,1.0,,,,,2.0,2.0,,,,,,,,,,,,,,,,,,,,,,,,,,,,,,,,,1.0,,,,,,,,,3.0,,,,,,,,4.0,,,
Teacher's Highland Cream,19.055,72.33333333333333,Blend,,,,,,,,,,,,,,,,,,,,,,,,,,,,,,,,,,,,,,,,,,,,,,,,,,,,,,,,,,,,,,,,,,,
Teeling Small Batch,18.926,85.0,Irish,1.0,,,,6.0,,3.0,,,2.0,,,,,,2.0,,,,,,,,,,,,,,,,,,,,,,,,,,,,,,2.0,,,,,,,,,,,,,,,,,,,,,
Templeton Rye,39.0,65.16666666666667,Rye,,,,,,,6.0,,,,1.0,,,2.0,2.0,,,,,,,2.0,,,2.0,,2.0,,,,,,3.0,,,,,,,,,,2.0,,,,5.0,,,,,,,,,,,,,,,,,,,2.0,
Thomas H. Handy,79.1222222222222,93.3076923076923,Rye,,,3.0,2.0,3.0,,,,,,,,,,,,,,,,,,,,,,,,,,,,,,,,,,,,,,,,,,,,,,,,,,,2.0,,,,,,,,,,2.0,
Thomas H. Handy 2013,73.33333333333333,90.3,Rye,,,8.0,,,,,,,,2.0,,,,2.0,4.0,,,,,,2.0,,,,,,,,,,,,,,,,,,,,6.0,,,2.0,,,,,,,,,,,2.0,,,,,,2.0,,,,,
Tobermory 10,29.960625,82.8,Island ,2.0,1.0,,,1.0,,2.0,1.0,,,2.0,,,,2.0,19.0,,1.0,,,,,,,4.0,2.0,,,,,,,,,6.0,,,,,,,,,,,2.0,,,1.0,,,1.0,,,1.0,,,8.0,,,,2.0,,,,2.0,
Tobermory 15,116.0875,88.29411764705883,Island ,,,,,,2.0,,,,,1.0,,,,2.0,,,,,2.0,,,,2.0,,,,,,,,4.0,2.0,,,,,,,,,,,,,6.0,,,,4.0,,,,,,,,,,,,2.0,,,,,
Tomatin 12,28.092352941176472,74.81481481481481,Highland ,,,,,,,,,,,,,,,,4.0,,,,,2.0,,,,,,,,,,,,,,,,,,,,,,,,,,,6.0,,,,,,,,,,,,,,4.0,,,,,
Tomatin 15,53.75,79.58333333333333,Highland ,,4.0,,,,,,,3.0,,,4.0,2.0,,,3.0,,,,,,,,,,,,,,4.0,,,,,2.0,,,,,,1.0,,,1.0,,3.0,,11.0,,,,,,1.0,,4.0,,,,,,,,2.0,,1.0,
Tomatin 18,36.16142857142857,84.70588235294117,Highland ,5.0,,,,,1.0,,,,,,,,,,,,,1.0,2.0,,,,,,,,,,,,,2.0,,,,3.0,,,,,,,,,3.0,,,,,,2.0,,,2.0,,,,,1.0,,1.0,,,6.0,,
Tomatin Decades,95.0,86.5,Highland ,,,,,,,,2.0,1.0,,2.0,,,,,2.0,2.0,,,7.0,1.0,,,,,,,,,2.0,,3.0,,,1.0,,,,,,,,,,,,2.0,8.0,2.0,,2.0,2.0,,,2.0,,3.0,,,,2.0,,,,,,
Tomintoul 10,17.725,74.875,Speyside,,,,,,,,,,,,,,,,2.0,,,,4.0,2.0,,,,,,,,,,,,,,4.0,,,,,,,,,,,4.0,,,2.0,,,,2.0,,,,,,,,,,,,,,
Tomintoul 14,,81.16666666666667,Speyside,1.0,,,,,1.0,,,,,,,,,,,,,3.0,1.0,,,,,,5.0,,,,3.0,,,4.0,,,,,,,,,,,,,3.0,,,,,1.0,2.0,,,,,,,,,,,,,6.0,,
Tomintoul 16,42.17333333333333,79.3,Speyside,2.0,,,,,,,,,,,,,,,2.0,,,,2.0,1.0,,,,,,,,,4.0,,,,,,,,,,,,,,,,,,,,,,,,,,,,,,,,,,,,,
Tomintoul Peaty Tang,45.0,76.42857142857143,Speyside,,,,2.0,6.0,9.0,,,,,,,1.0,3.0,,7.0,,,,2.0,,,,,,4.0,,,,,,,,4.0,,,1.0,,,2.0,,,,,,2.0,,,2.0,,,,,,,6.0,,,,4.0,,,,,,,
Tyrconnell Irish Single Malt,19.225,72.66666666666667,Irish,,,,2.0,,,,,,,,2.0,,,,8.0,,,,,1.0,1.0,,,,,2.0,,,,,,,,,,,,,,,,,,,,,,,,2.0,,,,,,,,,,,,,,,1.0,
Van Winkle Family Reserve Rye 13 Years Old,77.33333333333333,88.83333333333333,Rye,2.0,,,,,,1.0,,,,,6.0,,,,,,,,8.0,2.0,,,,,,,,1.0,,,,2.0,,,,,,,,,,,1.0,2.0,,,,,,,,,,,,,,,,2.0,,1.0,2.0,,,
Van Winkle Special Reserve 12 Year Lot B,56.82,88.0,Bourbon,,,,,,,,,,,,,,,1.0,4.0,,,,,,,,,,,,,1.0,,,1.0,,,2.0,,2.0,,,,,,,,,2.0,,,,,,,,,,2.0,,,,,,2.0,,,,,
Very Old Barton Bottled In Bond,16.428571428571427,84.14285714285714,Bourbon,,3.0,,2.0,,,2.0,,,,,,,1.0,,,,,,4.0,,,,,,,1.0,,,,,,,,,,,,2.0,,,,,,,,,,,,,,,,,3.0,,,,2.0,2.0,2.0,,,,1.0,
W.L. Weller 12,26.328378378378382,88.14,Bourbon,,,,,,,,,,,,,,,,1.0,,,,,,,,,,6.0,2.0,,,1.0,,,,,,,,1.0,,,,,,,,3.0,,,,,,2.0,,,,4.0,,,2.0,,,8.0,,,,3.0,
W.L. Weller Special Reserve,16.535,80.30434782608695,Bourbon,7.0,,1.0,,,,,,,,,1.0,,,,3.0,,,,2.0,1.0,,,,,,1.0,,,3.0,,,,,,,,,,,,2.0,,1.0,,,3.0,,,,,,,,,,,,,,,12.0,,,,5.0,
Whistle Pig 10 Straight Rye,66.375,88.1,Rye,,,,,3.0,4.0,,,,2.0,2.0,,,,,4.0,4.0,,4.0,,2.0,,,1.0,3.0,,4.0,,1.0,,1.0,,,2.0,,,,,,,,,,4.0,3.0,2.0,,,1.0,,,,,,4.0,5.0,,,,,,2.0,,4.0,,3.0,
Whistle Pig Boss Hog,150.0,90.625,Rye,,,,,,,,,,,,,,,,2.0,,,,,,,,,,,,,,,,,,,,,,4.0,2.0,,,,,,,,,,,,,,2.0,,,,,,,,,,,,,,
White Oak Akashi 14,167.5,93.5,Japan,,,,,,,,,,,2.0,2.0,,,,2.0,2.0,,,,,,,,,,,,,,,,,2.0,,,,,,2.0,,,,,1.0,,2.0,4.0,,,,,,,,2.0,2.0,,,,2.0,,,,,,
Wild Turkey 101,19.822307692307692,85.75510204081633,Bourbon,,,,,,,,,,,,1.0,,,,1.0,,,,,,,,,,,4.0,,,,,,,,,,,,,,,,,2.0,,2.0,,,,,,,,,,,,,,,,,,2.0,,,
Wild Turkey 101 Rye,32.7,84.92857142857143,Rye,,,,,,,3.0,,,,,,,,,,,,,,,3.0,,,,,2.0,,2.0,1.0,,,,,,,,,,,1.0,,2.0,,,5.0,,,,,,,,,,,,,,,2.0,,,,,,
Wild Turkey 81,11.153333333333334,76.85714285714286,Bourbon,,,,,,,,,,,,,1.0,,,4.0,,,,,,,,,,,,,,,,,,,,,,,,,,,,,,1.0,,,,,,,,,,2.0,,,,,,,,,,,
Wild Turkey Forgiven,49.166666666666664,80.16666666666667,American ,,,,,,,,,,,,,,,,,,,,,2.0,,,,,,2.0,,,,,,,,,,,,,,,,,,,2.0,,,,,,,,,,1.0,,,2.0,,,,,,,1.0,
Wild Turkey Rare Breed,31.128,88.17241379310344,Bourbon,,7.0,,,8.0,,,,,,,,,,1.0,,,,,4.0,4.0,,,,,,,,,,,,,,1.0,,,,,,,,,1.0,,3.0,,,4.0,,,,,4.0,,12.0,3.0,,,,9.0,8.0,,,,5.0,
Willett 4 Year Rye,38.52222222222222,89.16666666666667,Rye,1.0,,,,,,,,,,,,,,,,,,,,,,,3.0,,,,,,,,,,1.0,,1.0,,1.0,,,1.0,,,,,1.0,,,1.0,,,,,,,1.0,,,,,1.0,,,,,1.0,
Willett Family Estate 2 Year Small Batch Rye,39.8,84.0,Rye,,,,3.0,,,,,,,,5.0,3.0,,,7.0,,,,,,,,,,,7.0,,,,,1.0,,,,,,2.0,,,4.0,,1.0,3.0,,6.0,,,,,,,,,9.0,10.0,,,,,7.0,2.0,2.0,6.0,,,
William Larue Weller,80.71428571428571,95.5,Bourbon,,,,,,,,,,,2.0,3.0,,,,,2.0,,,1.0,,,,2.0,,1.0,2.0,,,,,1.0,1.0,,,,,,,,,,,,,3.0,,,,,,,,2.0,,,3.0,2.0,,,1.0,1.0,,,,1.0,
Wiser's Legacy,29.606,86.5,Canada,,,,,,,,,,,,,,,,,,2.0,,3.0,1.0,,,,,,1.0,,,,,,,,,,,,,,,,,1.0,,6.0,1.0,,,,,,,2.0,,,,,,,2.0,3.0,,,,,
Woodford Reserve,31.5,78.16666666666667,Bourbon,,1.0,,10.0,,1.0,12.0,,6.0,,,2.0,,2.0,,2.0,2.0,,,,,,,,,7.0,7.0,,,5.0,,,,4.0,,,,6.0,2.0,2.0,,,4.0,1.0,,6.0,3.0,8.0,8.0,1.0,,1.0,,,,5.0,2.0,,,2.0,5.0,8.0,8.0,4.0,,,
Woodford Reserve Distiller's Select,27.15466666666667,80.93333333333334,Bourbon,,,,,,,,,,,,,,,,,,,4.0,,,,,,,,1.0,,,,,,,,,,,,,,,,,,,5.0,,,,,,,,,,2.0,,,,,,,,,,1.0,
Woodford Reserve Double Oaked,37.435,80.55555555555556,Bourbon,,7.0,,,8.0,,,,,,,,,,1.0,,,,,4.0,4.0,,,,,,,,,,,,,,1.0,,,,,,,,,1.0,,3.0,,,4.0,,,,,4.0,,12.0,3.0,,,,9.0,8.0,,,,5.0,
Yamazaki 12,56.98823529411764,81.33333333333333,Japan,,,,,1.0,,,,,,,,,,,3.0,,,,,,,,,1.0,,2.0,,,,,,,,,,,,1.0,,,,,,,,,,,,,3.0,,,,1.0,,,,,,,,,,,
Yamazaki 18,30103.6,87.57142857142857,Japan,,6.0,,,,,,,4.0,,2.0,,,,,1.0,,,,,2.0,,,,,6.0,3.0,,,1.0,,1.0,,,,,,,2.0,,,,6.0,,2.0,,,,,,,2.0,,,,,,,,,,1.0,,,,,
Yoichi 26 SMWS 116.20,,88.42857142857143,Japan,2.0,1.0,5.0,6.0,,2.0,4.0,3.0,1.0,,,4.0,,1.0,2.0,10.0,4.0,,6.0,16.0,,,,,,2.0,3.0,1.0,,8.0,2.0,7.0,,,,1.0,,,,4.0,,,2.0,1.0,1.0,14.0,13.0,2.0,,,2.0,,,,,37.0,2.0,2.0,,,2.0,8.0,2.0,,2.0,5.0,
